 Date, Time,"CHILLER TEMPERATURE LEAVING SETPOINT
(DEG C)","CHW LEAVE TEMPERATURE
(DEG C)","CHW RETURN TEMPERATURE
(DEG C)","CHW FLOW RATE
(m3/h)","  DELIVERY
(TR)","ROUNDED   DELIVERY
(TR)","CH-1, POWER CONSUMPTION
 ","CONDENSER FLOW
(m3/h)","CEFT TEMPERATURE
(DEG C)","WET BULB Temperature - Chiller 1
(DEG C)","CHILLER LOAD,(TR%)
 ","ACTUAL OPERATING
(ikW/TR)","COMMITTED PERFORMANCE
(ikW/TR)","PERFORMANCE DEVIATION
(%)","Commited Kw
 ","RUN HOURS
 "
5-Oct-2025,00:00,6.00,6.06,9.67,345.63,412.74,420.00,237.70,352.98,29.61,26.63,68.79,0.58,0.67,-14.45,277.86,13005.00
5-Oct-2025,00:01,6.00,6.06,9.67,345.14,412.15,405.00,237.70,351.50,29.61,26.63,68.69,0.58,0.68,-14.68,278.59,13005.00
5-Oct-2025,00:02,6.00,6.06,9.67,347.80,415.32,420.00,237.70,353.11,29.61,26.63,69.22,0.57,0.67,-14.98,279.59,13005.00
5-Oct-2025,00:03,6.00,6.06,9.67,343.63,410.34,405.00,237.70,351.44,29.61,26.63,68.39,0.58,0.68,-14.30,277.37,13005.00
5-Oct-2025,00:04,6.00,6.06,9.67,347.77,415.29,420.00,237.70,350.76,29.61,26.75,69.22,0.57,0.67,-14.98,279.57,13005.00
5-Oct-2025,00:05,6.00,6.06,9.67,343.72,410.45,405.00,237.70,353.66,29.72,26.75,68.41,0.58,0.68,-14.32,277.44,13005.00
5-Oct-2025,00:06,6.00,6.06,9.67,343.75,410.49,405.00,237.70,351.53,29.72,26.75,68.42,0.58,0.68,-14.33,277.47,13005.00
5-Oct-2025,00:07,6.00,6.06,9.67,343.44,410.12,405.00,237.70,352.85,29.72,26.94,68.35,0.58,0.68,-14.25,277.22,13005.00
5-Oct-2025,00:08,6.00,6.06,9.67,342.45,408.94,405.00,237.70,352.79,29.72,26.94,68.16,0.58,0.68,-14.01,276.42,13005.00
5-Oct-2025,00:09,6.00,6.06,9.67,345.20,412.22,405.00,237.70,351.15,29.72,26.94,68.70,0.58,0.68,-14.69,278.64,13005.00
5-Oct-2025,00:10,6.00,6.06,9.67,345.02,412.00,405.00,237.70,354.14,29.72,26.94,68.67,0.58,0.68,-14.65,278.49,13005.00
5-Oct-2025,00:11,6.00,6.06,9.67,345.05,412.04,405.00,237.70,353.18,29.72,26.94,68.67,0.58,0.68,-14.65,278.52,13005.00
5-Oct-2025,00:12,6.00,6.06,9.67,344.18,411.00,405.00,237.70,352.89,29.72,26.94,68.50,0.58,0.68,-14.44,277.82,13005.00
5-Oct-2025,00:13,6.00,6.06,9.67,350.12,418.09,420.00,237.70,352.37,29.72,26.94,69.68,0.57,0.67,-15.55,281.46,13005.00
5-Oct-2025,00:14,6.00,6.06,9.67,342.88,409.45,405.00,237.70,355.24,29.72,26.94,68.24,0.58,0.68,-14.11,276.77,13005.00
5-Oct-2025,00:15,6.00,6.06,9.67,346.56,413.85,420.00,237.70,352.21,29.72,26.94,68.98,0.57,0.67,-14.68,278.60,13005.00
5-Oct-2025,00:16,6.00,6.06,9.67,345.05,412.04,405.00,237.70,351.76,29.72,26.94,68.67,0.58,0.68,-14.65,278.52,13005.00
5-Oct-2025,00:17,6.00,6.06,9.67,346.47,413.74,420.00,237.70,354.21,29.72,26.94,68.96,0.57,0.67,-14.66,278.53,13005.00
5-Oct-2025,00:18,6.00,6.06,9.67,342.82,409.38,405.00,237.70,354.08,29.72,26.94,68.23,0.58,0.68,-14.10,276.72,13005.00
5-Oct-2025,00:19,6.00,5.94,9.67,343.22,422.47,,237.70,352.76,29.72,26.94,70.41,0.56,0.67,,284.41,13005.00
5-Oct-2025,00:20,6.00,5.94,9.67,344.12,423.58,,237.70,351.89,29.72,26.94,70.60,0.56,0.67,,285.15,13005.00
5-Oct-2025,00:21,6.00,5.94,9.67,342.88,422.05,,237.70,353.27,29.72,26.82,70.34,0.56,0.67,,284.12,13005.00
5-Oct-2025,00:22,6.00,5.94,9.67,346.50,426.51,,237.70,353.34,29.72,26.82,71.09,0.56,0.67,,287.13,13005.00
5-Oct-2025,00:23,6.00,5.94,9.67,345.11,424.79,,237.70,352.66,29.61,26.82,70.80,0.56,0.67,,285.97,13005.00
5-Oct-2025,00:24,6.00,5.94,9.67,344.43,423.96,,237.70,352.31,29.61,26.82,70.66,0.56,0.67,,285.41,13005.00
5-Oct-2025,00:25,6.00,5.94,9.67,346.56,426.58,,237.70,354.30,29.61,26.82,71.10,0.56,0.67,,287.17,13005.00
5-Oct-2025,00:26,6.00,5.94,9.67,344.46,423.99,,237.70,353.08,29.61,26.82,70.67,0.56,0.67,,285.43,13005.00
5-Oct-2025,00:27,6.00,5.94,9.67,345.76,425.59,,237.70,354.34,29.61,26.82,70.93,0.56,0.67,,286.51,13005.00
5-Oct-2025,00:28,6.00,5.94,9.67,344.24,423.73,,237.70,354.50,29.61,26.82,70.62,0.56,0.67,,285.26,13005.00
5-Oct-2025,00:29,6.00,5.94,9.67,345.91,425.78,,237.70,352.85,29.61,26.82,70.96,0.56,0.67,,286.64,13005.00
5-Oct-2025,00:30,6.00,5.94,9.67,346.32,426.28,,237.70,351.73,29.61,26.82,71.05,0.56,0.67,,286.97,13005.00
5-Oct-2025,00:31,6.00,5.94,9.67,342.64,421.75,,237.70,352.21,29.61,26.82,70.29,0.56,0.67,,283.92,13005.00
5-Oct-2025,00:32,6.00,5.94,9.67,345.05,424.72,,237.70,353.95,29.61,26.82,70.79,0.56,0.67,,285.92,13005.00
5-Oct-2025,00:33,6.00,5.94,9.67,342.51,421.60,,237.70,353.50,29.61,26.82,70.27,0.56,0.67,,283.82,13005.00
5-Oct-2025,00:34,6.00,5.94,9.67,347.55,427.80,,237.70,353.14,29.61,26.82,71.30,0.56,0.67,,288.23,13005.00
5-Oct-2025,00:35,6.00,5.94,9.67,345.08,424.75,,237.70,352.98,29.61,26.82,70.79,0.56,0.67,,285.94,13005.00
5-Oct-2025,00:36,6.00,5.94,9.67,345.14,424.83,,237.70,352.08,29.61,26.82,70.81,0.56,0.67,,286.00,13005.00
5-Oct-2025,00:37,6.00,5.94,9.67,346.50,426.51,,237.70,352.08,29.61,26.82,71.09,0.56,0.67,,287.13,13005.00
5-Oct-2025,00:38,6.00,5.94,9.67,342.42,421.48,,237.70,353.14,29.61,26.82,70.25,0.56,0.67,,283.74,13005.00
5-Oct-2025,00:39,6.00,5.94,9.67,342.98,422.17,,237.70,355.75,29.61,26.82,70.36,0.56,0.67,,284.20,13005.00
5-Oct-2025,00:40,6.00,5.94,9.67,341.65,420.53,,237.70,354.79,29.61,26.82,70.09,0.57,0.67,,283.10,13005.00
5-Oct-2025,00:41,6.00,5.94,9.67,341.52,420.38,,237.70,353.21,29.61,26.82,70.06,0.57,0.67,,283.00,13005.00
5-Oct-2025,00:42,6.00,5.94,9.67,344.03,423.46,,237.70,352.73,29.61,26.82,70.58,0.56,0.67,,285.07,13005.00
5-Oct-2025,00:43,6.00,5.94,9.67,343.10,422.32,,237.70,352.50,29.61,26.82,70.39,0.56,0.67,,284.31,13005.00
5-Oct-2025,00:44,6.00,5.94,9.67,338.34,416.46,,237.70,350.73,29.61,26.82,69.41,0.57,0.67,,280.36,13005.00
5-Oct-2025,00:45,6.00,5.94,9.67,344.24,423.73,,237.70,351.76,29.61,26.82,70.62,0.56,0.67,,285.26,13005.00
5-Oct-2025,00:46,6.00,5.94,9.67,344.34,423.84,,237.70,351.53,29.61,26.82,70.64,0.56,0.67,,285.33,13005.00
5-Oct-2025,00:47,6.00,5.94,9.67,344.00,423.42,,237.70,353.30,29.61,26.82,70.57,0.56,0.67,,285.05,13005.00
5-Oct-2025,00:48,6.00,5.94,9.67,341.65,420.53,,237.70,355.59,29.61,26.82,70.09,0.57,0.67,,283.10,13005.00
5-Oct-2025,00:49,6.00,5.94,9.67,341.68,420.57,,237.70,356.11,29.61,26.82,70.10,0.57,0.67,,283.13,13005.00
5-Oct-2025,00:50,6.00,5.94,9.67,341.77,420.68,,237.70,353.88,29.61,26.82,70.11,0.57,0.67,,283.20,13005.00
5-Oct-2025,00:51,6.00,5.94,9.67,344.46,423.99,,237.70,350.18,29.61,26.82,70.67,0.56,0.67,-16.72,285.43,13006.00
5-Oct-2025,00:52,6.00,5.94,9.67,343.16,422.40,,237.70,351.21,29.61,26.82,70.40,0.56,0.67,-16.41,284.36,13006.00
5-Oct-2025,00:53,6.00,5.94,9.67,342.67,421.79,,237.70,353.40,29.61,26.82,70.30,0.56,0.67,-16.29,283.95,13006.00
5-Oct-2025,00:54,6.00,5.94,9.67,343.63,422.97,,237.70,350.44,29.61,26.82,70.50,0.56,0.67,-16.52,284.74,13006.00
5-Oct-2025,00:55,6.00,5.94,9.67,342.98,422.17,,237.70,352.11,29.61,26.82,70.36,0.56,0.67,-16.36,284.20,13006.00
5-Oct-2025,00:56,6.00,5.94,9.67,342.57,421.67,,237.70,354.75,29.61,26.82,70.28,0.56,0.67,-16.26,283.87,13006.00
5-Oct-2025,00:57,6.00,5.94,9.67,344.52,424.07,,237.70,353.02,29.61,26.82,70.68,0.56,0.67,-16.74,285.48,13006.00
5-Oct-2025,00:58,6.00,5.94,9.67,345.91,425.78,,237.70,354.69,29.61,26.82,70.96,0.56,0.67,-17.07,286.64,13006.00
5-Oct-2025,00:59,6.00,5.94,9.67,341.62,420.49,,237.70,351.15,29.61,26.82,70.08,0.57,0.67,-16.03,283.07,13006.00
5-Oct-2025,01:00,6.00,5.94,9.67,342.05,421.03,,237.70,353.63,29.50,26.82,70.17,0.56,0.67,-16.14,283.44,13006.00
5-Oct-2025,01:01,6.00,5.94,9.67,344.37,423.88,420.00,237.70,351.47,29.50,26.82,70.65,0.56,0.67,-16.70,285.36,13006.00
5-Oct-2025,01:02,6.00,6.06,9.67,340.66,406.80,405.00,237.70,351.34,29.50,26.82,67.80,0.58,0.68,-13.55,274.98,13006.00
5-Oct-2025,01:03,6.00,6.06,9.67,345.29,412.33,405.00,237.70,353.05,29.50,26.82,68.72,0.58,0.68,-14.71,278.71,13006.00
5-Oct-2025,01:04,6.00,6.06,9.67,345.29,412.33,405.00,237.70,352.31,29.50,26.82,68.72,0.58,0.68,-14.71,278.71,13006.00
5-Oct-2025,01:05,6.00,6.06,9.67,343.01,409.60,405.00,237.70,351.28,29.50,26.65,68.27,0.58,0.68,-14.15,276.87,13006.00
5-Oct-2025,01:06,6.00,6.06,9.67,342.42,408.90,405.00,237.70,354.24,29.50,26.65,68.15,0.58,0.68,-14.00,276.40,13006.00
5-Oct-2025,01:07,6.00,6.06,9.67,344.80,411.74,405.00,237.70,352.24,29.50,26.65,68.62,0.58,0.68,-14.59,278.32,13006.00
5-Oct-2025,01:08,6.00,5.94,9.67,343.10,422.32,420.00,237.70,352.95,29.50,26.65,70.39,0.56,0.67,-16.39,284.31,13006.00
5-Oct-2025,01:09,6.00,5.94,9.67,348.67,429.17,435.00,237.70,351.28,29.50,26.65,71.53,0.55,0.67,-17.79,289.15,13006.00
5-Oct-2025,01:10,6.00,5.94,9.67,346.13,426.05,420.00,237.70,353.85,29.50,26.65,71.01,0.56,0.67,-17.12,286.82,13006.00
5-Oct-2025,01:11,6.00,5.94,9.67,347.34,427.53,435.00,237.70,353.63,29.50,26.65,71.26,0.56,0.67,-17.48,288.05,13006.00
5-Oct-2025,01:12,6.00,5.94,9.67,345.14,424.83,420.00,237.70,354.59,29.50,26.65,70.81,0.56,0.67,-16.89,286.00,13006.00
5-Oct-2025,01:13,6.00,5.94,9.67,343.47,422.78,420.00,237.70,353.53,29.50,26.65,70.46,0.56,0.67,-16.48,284.62,13006.00
5-Oct-2025,01:14,6.00,5.94,9.67,346.53,426.54,420.00,237.70,351.18,29.50,26.65,71.09,0.56,0.67,-17.22,287.15,13006.00
5-Oct-2025,01:15,6.00,5.94,9.67,343.10,422.32,420.00,237.70,352.63,29.50,26.65,70.39,0.56,0.67,-16.39,284.31,13006.00
5-Oct-2025,01:16,6.00,5.94,9.67,341.65,420.53,420.00,237.70,351.57,29.50,26.65,70.09,0.57,0.67,-16.04,283.10,13006.00
5-Oct-2025,01:17,6.00,5.94,9.67,344.00,423.42,420.00,237.70,351.89,29.50,26.65,70.57,0.56,0.67,-16.61,285.05,13006.00
5-Oct-2025,01:18,6.00,5.94,9.67,342.73,421.86,420.00,237.70,353.08,29.50,26.65,70.31,0.56,0.67,-16.30,284.00,13006.00
5-Oct-2025,01:19,6.00,5.94,9.67,342.14,421.14,420.00,237.70,354.05,29.50,26.65,70.19,0.56,0.67,-16.16,283.51,13006.00
5-Oct-2025,01:20,6.00,6.06,9.67,342.05,408.46,405.00,237.70,355.01,29.50,26.65,68.08,0.58,0.68,-13.91,276.10,13006.00
5-Oct-2025,01:21,6.00,6.06,9.67,339.70,405.65,405.00,237.70,353.05,29.50,26.65,67.61,0.59,0.68,-13.31,274.20,13006.00
5-Oct-2025,01:22,6.00,6.06,9.67,343.13,409.75,405.00,237.70,352.85,29.50,26.65,68.29,0.58,0.68,-14.18,276.97,13006.00
5-Oct-2025,01:23,6.00,6.06,9.67,344.06,410.86,405.00,237.70,352.11,29.50,26.65,68.48,0.58,0.68,-14.41,277.72,13006.00
5-Oct-2025,01:24,6.00,6.06,9.67,344.37,411.23,405.00,237.70,351.99,29.50,26.65,68.54,0.58,0.68,-14.49,277.97,13006.00
5-Oct-2025,01:25,6.00,6.06,9.67,346.04,413.22,420.00,237.70,351.89,29.50,26.65,68.87,0.58,0.67,-14.55,278.18,13006.00
5-Oct-2025,01:26,6.00,6.06,9.67,342.42,408.90,405.00,237.70,352.47,29.50,26.65,68.15,0.58,0.68,-14.00,276.40,13006.00
5-Oct-2025,01:27,6.00,6.06,9.67,342.79,409.34,405.00,237.70,352.08,29.50,26.65,68.22,0.58,0.68,-14.09,276.69,13006.00
5-Oct-2025,01:28,6.00,6.06,9.67,340.81,406.98,405.00,237.70,347.67,29.50,26.65,67.83,0.58,0.68,-13.59,275.10,13006.00
5-Oct-2025,01:29,6.00,6.06,9.67,340.94,407.13,405.00,237.70,355.37,29.50,26.65,67.86,0.58,0.68,-13.62,275.20,13006.00
5-Oct-2025,01:30,6.00,6.06,9.67,345.02,412.00,405.00,237.70,352.50,29.50,26.65,68.67,0.58,0.68,-14.65,278.49,13006.00
5-Oct-2025,01:31,6.00,6.06,9.67,344.00,410.78,405.00,237.70,353.18,29.50,26.65,68.46,0.58,0.68,-14.39,277.67,13006.00
5-Oct-2025,01:32,6.00,6.06,9.67,343.29,409.93,405.00,237.70,353.08,29.50,26.65,68.32,0.58,0.68,-14.21,277.09,13006.00
5-Oct-2025,01:33,6.00,6.06,9.67,343.29,409.93,405.00,237.70,352.82,29.50,26.65,68.32,0.58,0.68,-14.21,277.09,13006.00
5-Oct-2025,01:34,6.00,6.06,9.67,344.83,411.78,405.00,237.70,351.12,29.50,26.65,68.63,0.58,0.68,-14.60,278.34,13006.00
5-Oct-2025,01:35,6.00,6.06,9.67,342.45,408.94,405.00,237.70,353.72,29.50,26.65,68.16,0.58,0.68,-14.01,276.42,13006.00
5-Oct-2025,01:36,6.00,6.06,9.67,341.65,407.98,405.00,237.70,353.82,29.50,26.65,68.00,0.58,0.68,-13.80,275.77,13006.00
5-Oct-2025,01:37,6.00,6.06,9.78,342.54,421.63,420.00,237.70,354.08,29.50,26.65,70.27,0.56,0.67,-16.25,283.84,13006.00
5-Oct-2025,01:38,6.00,6.06,9.78,346.90,427.00,420.00,237.70,352.40,29.50,26.65,71.17,0.56,0.67,-17.31,287.46,13006.00
5-Oct-2025,01:39,6.00,6.06,9.78,344.31,423.80,420.00,237.70,354.21,29.61,26.65,70.63,0.56,0.67,-16.68,285.30,13006.00
5-Oct-2025,01:40,6.00,6.06,9.78,344.58,424.15,420.00,237.70,353.37,29.61,26.65,70.69,0.56,0.67,-16.75,285.54,13006.00
5-Oct-2025,01:41,6.00,6.06,9.78,345.51,425.29,420.00,237.70,352.60,29.61,26.65,70.88,0.56,0.67,-16.98,286.31,13006.00
5-Oct-2025,01:42,6.00,6.06,9.78,341.62,420.49,420.00,237.70,353.05,29.61,26.65,70.08,0.57,0.67,-16.03,283.07,13006.00
5-Oct-2025,01:43,6.00,6.06,9.78,346.66,426.70,420.00,237.70,350.38,29.61,26.65,71.12,0.56,0.67,-17.25,287.25,13006.00
5-Oct-2025,01:44,6.00,6.06,9.89,344.55,436.77,435.00,237.70,353.85,29.61,26.65,72.80,0.54,0.67,-19.22,294.27,13006.00
5-Oct-2025,01:45,6.00,6.06,9.89,346.47,439.20,435.00,237.70,352.24,29.72,26.65,73.20,0.54,0.67,-19.67,295.91,13006.00
5-Oct-2025,01:46,6.00,6.06,9.89,342.45,434.10,435.00,237.70,354.82,29.72,26.65,72.35,0.55,0.67,-18.73,292.47,13006.00
5-Oct-2025,01:47,6.00,6.06,9.89,347.52,440.53,435.00,237.70,353.59,29.72,26.75,73.42,0.54,0.67,-19.91,296.81,13006.00
5-Oct-2025,01:48,6.00,6.06,9.89,341.55,432.97,435.00,237.70,355.62,29.83,26.75,72.16,0.55,0.67,-18.51,291.71,13006.00
5-Oct-2025,01:49,6.00,6.06,9.89,342.76,434.49,435.00,237.70,349.76,29.83,26.75,72.42,0.55,0.67,-18.80,292.74,13006.00
5-Oct-2025,01:50,6.00,6.06,10.00,347.71,453.54,450.00,237.70,355.46,29.83,26.75,75.59,0.52,0.67,-22.27,305.82,13006.00
5-Oct-2025,01:51,6.00,6.06,10.00,344.95,449.95,450.00,237.70,352.27,29.83,26.75,74.99,0.53,0.67,-21.65,303.40,13006.00
5-Oct-2025,01:52,6.00,6.06,10.00,341.99,446.08,450.00,237.70,354.82,29.94,26.75,74.35,0.53,0.67,-20.97,300.79,13007.00
5-Oct-2025,01:53,6.00,6.06,10.00,342.98,447.37,450.00,237.70,353.53,29.94,26.75,74.56,0.53,0.67,-21.20,301.66,13007.00
5-Oct-2025,01:54,6.00,6.06,10.00,343.93,448.62,450.00,237.70,351.37,29.94,26.75,74.77,0.53,0.67,-21.42,302.50,13007.00
5-Oct-2025,01:55,6.00,6.06,10.00,345.45,450.60,450.00,237.70,352.98,29.94,26.75,75.10,0.53,0.67,-21.77,303.84,13007.00
5-Oct-2025,01:56,6.00,6.06,10.00,345.60,450.80,450.00,237.70,351.79,29.94,26.75,75.13,0.53,0.67,-21.80,303.97,13007.00
5-Oct-2025,01:57,6.00,6.06,10.00,346.53,452.01,450.00,237.70,353.18,30.06,26.75,75.34,0.53,0.67,-22.01,304.79,13007.00
5-Oct-2025,01:58,6.00,6.06,10.00,342.94,447.33,450.00,237.70,353.43,30.06,26.75,74.56,0.53,0.67,-21.19,301.63,13007.00
5-Oct-2025,01:59,6.00,6.06,10.00,345.60,450.80,450.00,237.70,355.43,30.06,26.75,75.13,0.53,0.67,-21.80,303.97,13007.00
5-Oct-2025,02:00,6.00,6.06,10.00,345.20,450.27,450.00,237.70,353.79,30.06,26.75,75.05,0.53,0.67,-21.71,303.62,13007.00
5-Oct-2025,02:01,6.00,6.06,10.00,345.70,450.92,450.00,237.70,351.28,30.06,26.75,75.15,0.53,0.67,-21.82,304.06,13007.00
5-Oct-2025,02:02,6.00,6.06,10.00,344.95,449.95,450.00,237.70,348.28,30.06,26.75,74.99,0.53,0.67,-21.65,303.40,13007.00
5-Oct-2025,02:03,6.00,5.94,10.00,342.67,459.56,465.00,237.70,353.11,30.06,26.75,76.59,0.52,0.67,-23.17,309.38,13007.00
5-Oct-2025,02:04,6.00,5.94,10.00,345.60,463.50,465.00,237.70,351.50,30.06,26.75,77.25,0.51,0.67,-23.82,312.03,13007.00
5-Oct-2025,02:05,6.00,5.94,10.00,347.37,465.86,465.00,237.70,352.24,30.06,26.75,77.64,0.51,0.67,-24.21,313.62,13007.00
5-Oct-2025,02:06,6.00,5.94,10.00,348.05,466.77,465.00,237.70,350.99,30.06,26.75,77.80,0.51,0.67,-24.35,314.23,13007.00
5-Oct-2025,02:07,6.00,5.94,10.00,344.52,462.05,465.00,237.70,352.76,30.06,26.75,77.01,0.51,0.67,-23.58,311.05,13007.00
5-Oct-2025,02:08,6.00,5.94,10.00,349.38,468.56,465.00,237.70,353.72,30.06,26.75,78.09,0.51,0.67,-24.64,315.43,13007.00
5-Oct-2025,02:09,6.00,5.94,10.00,347.86,466.52,465.00,237.70,353.21,30.06,26.75,77.75,0.51,0.67,-24.31,314.06,13007.00
5-Oct-2025,02:10,6.00,5.94,10.00,347.80,466.44,465.00,237.70,353.43,30.06,26.75,77.74,0.51,0.67,-24.30,314.01,13007.00
5-Oct-2025,02:11,6.00,5.94,10.00,345.91,463.91,465.00,237.70,352.27,30.06,26.75,77.32,0.51,0.67,-23.89,312.30,13007.00
5-Oct-2025,02:12,6.00,5.94,10.00,345.23,463.00,465.00,237.70,352.24,30.06,26.75,77.17,0.51,0.67,-23.74,311.69,13007.00
5-Oct-2025,02:13,6.00,5.94,10.00,346.38,464.53,465.00,237.70,351.24,30.06,26.75,77.42,0.51,0.67,-23.99,312.72,13007.00
5-Oct-2025,02:14,6.00,5.94,10.00,345.88,463.87,465.00,237.70,353.40,30.06,26.75,77.31,0.51,0.67,-23.88,312.28,13007.00
5-Oct-2025,02:15,6.00,5.94,10.00,344.86,462.50,465.00,237.70,351.73,30.06,26.75,77.08,0.51,0.67,-23.66,311.36,13007.00
5-Oct-2025,02:16,6.00,5.94,10.00,350.55,470.13,465.00,237.70,352.50,30.06,26.75,78.36,0.51,0.67,-24.89,316.49,13007.00
5-Oct-2025,02:17,6.00,5.94,10.00,349.10,468.18,465.00,237.70,356.01,30.06,26.75,78.03,0.51,0.67,-24.58,315.18,13007.00
5-Oct-2025,02:18,6.00,5.94,10.00,347.18,465.61,465.00,237.70,352.85,30.06,26.75,77.60,0.51,0.67,-24.17,313.45,13007.00
5-Oct-2025,02:19,6.00,5.94,10.00,344.95,462.63,465.00,237.70,353.27,29.94,26.75,77.11,0.51,0.67,-23.68,311.44,13007.00
5-Oct-2025,02:20,6.00,5.94,10.00,346.69,464.95,465.00,237.70,352.63,29.94,26.75,77.49,0.51,0.67,-24.06,313.00,13007.00
5-Oct-2025,02:21,6.00,5.94,10.00,343.16,460.22,465.00,237.70,353.27,29.94,26.57,76.70,0.52,0.67,-23.28,309.82,13007.00
5-Oct-2025,02:22,6.00,5.94,10.00,349.72,469.01,465.00,237.70,353.88,29.94,26.57,78.17,0.51,0.67,-24.71,315.74,13007.00
5-Oct-2025,02:23,6.00,5.94,10.00,347.77,466.40,465.00,237.70,353.05,29.94,26.57,77.73,0.51,0.67,-24.29,313.98,13007.00
5-Oct-2025,02:24,6.00,5.94,10.00,343.75,461.01,465.00,237.70,351.63,29.94,26.57,76.84,0.52,0.67,-23.41,310.35,13007.00
5-Oct-2025,02:25,6.00,5.94,10.00,339.91,455.87,450.00,237.70,351.95,29.94,26.57,75.98,0.52,0.67,-22.67,307.39,13007.00
5-Oct-2025,02:26,6.00,5.94,9.89,345.17,450.23,450.00,237.70,350.89,29.94,26.57,75.04,0.53,0.67,-21.70,303.59,13007.00
5-Oct-2025,02:27,6.00,5.94,9.89,344.92,449.91,450.00,237.70,354.17,29.94,26.57,74.99,0.53,0.67,-21.65,303.37,13007.00
5-Oct-2025,02:28,6.00,5.94,9.89,342.60,446.89,450.00,237.70,351.86,29.94,26.57,74.48,0.53,0.67,-21.12,301.34,13007.00
5-Oct-2025,02:29,6.00,5.94,9.89,348.42,454.47,450.00,237.70,352.31,29.94,26.57,75.75,0.52,0.67,-22.43,306.45,13007.00
5-Oct-2025,02:30,6.00,5.94,9.89,345.63,450.84,450.00,237.70,353.50,29.94,26.68,75.14,0.53,0.67,-21.81,304.00,13007.00
5-Oct-2025,02:31,6.00,5.94,9.89,344.03,448.74,450.00,237.70,353.02,29.94,26.68,74.79,0.53,0.67,-21.44,302.59,13007.00
5-Oct-2025,02:32,6.00,5.94,9.89,344.95,449.95,450.00,237.70,354.05,29.94,26.68,74.99,0.53,0.67,-21.65,303.40,13007.00
5-Oct-2025,02:33,6.00,5.94,9.89,351.29,458.22,465.00,237.70,353.85,29.83,26.68,76.37,0.52,0.67,-22.94,308.47,13007.00
5-Oct-2025,02:34,6.00,5.94,9.89,343.93,448.62,450.00,237.70,351.92,29.83,26.68,74.77,0.53,0.67,-21.42,302.50,13007.00
5-Oct-2025,02:35,6.00,5.94,9.89,343.19,447.65,450.00,237.70,351.79,29.83,26.68,74.61,0.53,0.67,-21.25,301.85,13007.00
5-Oct-2025,02:36,6.00,5.94,9.89,345.88,451.16,450.00,237.70,351.66,29.83,26.68,75.19,0.53,0.67,-21.86,304.22,13007.00
5-Oct-2025,02:37,6.00,5.94,9.89,344.58,449.47,450.00,237.70,355.46,29.83,26.68,74.91,0.53,0.67,-21.57,303.08,13007.00
5-Oct-2025,02:38,6.00,5.94,9.89,345.79,451.04,450.00,237.70,353.43,29.83,26.68,75.17,0.53,0.67,-21.84,304.14,13007.00
5-Oct-2025,02:39,6.00,5.94,9.89,346.81,452.37,450.00,237.70,353.95,29.83,26.68,75.40,0.53,0.67,-22.07,305.03,13007.00
5-Oct-2025,02:40,6.00,5.94,9.89,345.82,451.08,450.00,237.70,354.17,29.83,26.68,75.18,0.53,0.67,-21.85,304.16,13007.00
5-Oct-2025,02:41,6.00,5.94,9.89,345.26,450.36,450.00,237.70,352.82,29.94,26.68,75.06,0.53,0.67,-21.73,303.68,13007.00
5-Oct-2025,02:42,6.00,5.94,9.89,346.35,451.77,450.00,237.70,351.82,29.94,26.68,75.30,0.53,0.67,-21.97,304.63,13007.00
5-Oct-2025,02:43,6.00,5.94,9.89,340.94,444.71,450.00,237.70,351.21,29.94,26.68,74.12,0.53,0.67,-20.73,299.87,13007.00
5-Oct-2025,02:44,6.00,5.94,9.89,342.85,447.21,450.00,237.70,354.40,29.94,26.68,74.54,0.53,0.67,-21.17,301.55,13007.00
5-Oct-2025,02:45,6.00,5.94,9.89,347.68,453.50,450.00,237.70,351.08,29.94,26.68,75.58,0.52,0.67,-22.27,305.80,13007.00
5-Oct-2025,02:46,6.00,5.94,9.89,343.07,447.49,450.00,237.70,353.56,29.94,26.68,74.58,0.53,0.67,-21.22,301.74,13007.00
5-Oct-2025,02:47,6.00,5.94,9.89,342.82,447.17,450.00,237.70,354.43,29.94,26.68,74.53,0.53,0.67,-21.17,301.53,13007.00
5-Oct-2025,02:48,6.00,5.94,9.89,344.68,449.59,450.00,237.70,352.69,29.94,26.68,74.93,0.53,0.67,-21.59,303.16,13007.00
5-Oct-2025,02:49,6.00,5.94,9.89,343.35,447.85,450.00,237.70,352.40,29.83,26.68,74.64,0.53,0.67,-21.29,301.99,13007.00
5-Oct-2025,02:50,6.00,5.94,9.78,348.23,441.43,435.00,237.70,354.11,29.83,26.68,73.57,0.54,0.67,-20.08,297.41,13007.00
5-Oct-2025,02:51,6.00,5.94,9.78,346.35,439.04,435.00,237.70,351.92,29.83,26.68,73.17,0.54,0.67,-19.64,295.80,13008.00
5-Oct-2025,02:52,6.00,5.94,9.78,344.43,436.61,435.00,237.70,352.73,29.83,26.68,72.77,0.54,0.67,-19.19,294.17,13008.00
5-Oct-2025,02:53,6.00,6.06,9.78,345.57,425.36,420.00,237.70,354.56,29.72,26.68,70.89,0.56,0.67,-16.99,286.35,13008.00
5-Oct-2025,02:54,6.00,6.06,9.78,346.90,427.00,420.00,237.70,353.69,29.72,26.57,71.17,0.56,0.67,-17.31,287.46,13008.00
5-Oct-2025,02:55,6.00,6.06,9.78,341.43,420.26,420.00,237.70,354.14,29.72,26.57,70.04,0.57,0.67,-15.98,282.92,13008.00
5-Oct-2025,02:56,6.00,6.06,9.78,345.42,425.17,420.00,237.70,351.15,29.72,26.57,70.86,0.56,0.67,-16.95,286.22,13008.00
5-Oct-2025,02:57,6.00,6.06,9.78,345.70,425.52,420.00,237.70,353.37,29.72,26.57,70.92,0.56,0.67,-17.02,286.46,13008.00
5-Oct-2025,02:58,6.00,6.06,9.78,343.32,422.59,420.00,237.70,354.17,29.72,26.57,70.43,0.56,0.67,-16.44,284.49,13008.00
5-Oct-2025,02:59,6.00,6.06,9.78,348.60,429.09,435.00,237.70,351.53,29.72,26.57,71.52,0.55,0.67,-17.78,289.10,13008.00
5-Oct-2025,03:00,6.00,6.06,9.78,345.39,425.14,420.00,237.70,354.17,29.72,26.57,70.86,0.56,0.67,-16.95,286.20,13008.00
5-Oct-2025,03:01,6.00,6.06,9.78,341.71,420.61,420.00,237.70,353.98,29.72,26.57,70.10,0.57,0.67,-16.05,283.15,13008.00
5-Oct-2025,03:02,6.00,6.06,9.78,349.41,430.08,435.00,237.70,350.60,29.72,26.57,71.68,0.55,0.67,-17.97,289.77,13008.00
5-Oct-2025,03:03,6.00,6.06,9.78,342.23,421.25,420.00,237.70,353.27,29.72,26.57,70.21,0.56,0.67,-16.18,283.59,13008.00
5-Oct-2025,03:04,6.00,6.06,9.78,343.04,422.24,420.00,237.70,352.95,29.72,26.57,70.37,0.56,0.67,-16.38,284.25,13008.00
5-Oct-2025,03:05,6.00,6.06,9.78,349.35,430.01,435.00,237.70,356.23,29.72,26.57,71.67,0.55,0.67,-17.95,289.72,13008.00
5-Oct-2025,03:06,6.00,6.06,9.78,347.34,427.53,435.00,237.70,351.21,29.72,26.57,71.26,0.56,0.67,-17.48,288.05,13008.00
5-Oct-2025,03:07,6.00,6.06,9.78,345.36,425.10,420.00,237.70,353.37,29.61,26.57,70.85,0.56,0.67,-16.94,286.18,13008.00
5-Oct-2025,03:08,6.00,6.06,9.78,341.58,420.45,420.00,237.70,350.96,29.61,26.57,70.08,0.57,0.67,-16.02,283.05,13008.00
5-Oct-2025,03:09,6.00,6.06,9.78,346.35,426.31,420.00,237.70,354.27,29.61,26.57,71.05,0.56,0.67,-17.17,286.99,13008.00
5-Oct-2025,03:10,6.00,6.06,9.78,344.99,424.64,420.00,237.70,350.44,29.61,26.57,70.77,0.56,0.67,-16.85,285.87,13008.00
5-Oct-2025,03:11,6.00,6.06,9.78,346.32,426.28,420.00,237.70,356.30,29.61,26.57,71.05,0.56,0.67,-17.17,286.97,13008.00
5-Oct-2025,03:12,6.00,6.06,9.78,347.37,427.57,435.00,237.70,355.62,29.61,26.57,71.26,0.56,0.67,-17.49,288.08,13008.00
5-Oct-2025,03:13,6.00,6.06,9.78,343.72,423.08,420.00,237.70,351.12,29.61,26.57,70.51,0.56,0.67,-16.54,284.82,13008.00
5-Oct-2025,03:14,6.00,6.06,9.78,344.92,424.56,420.00,237.70,351.28,29.61,26.57,70.76,0.56,0.67,-16.83,285.81,13008.00
5-Oct-2025,03:15,6.00,6.06,9.78,344.52,424.07,420.00,237.70,354.62,29.61,26.57,70.68,0.56,0.67,-16.74,285.48,13008.00
5-Oct-2025,03:16,6.00,6.06,9.78,348.42,428.86,435.00,237.70,353.56,29.61,26.57,71.48,0.55,0.67,-17.73,288.94,13008.00
5-Oct-2025,03:17,6.00,6.06,9.78,340.35,418.93,420.00,237.70,351.31,29.61,26.57,69.82,0.57,0.67,-15.71,282.02,13008.00
5-Oct-2025,03:18,6.00,6.06,9.78,343.29,422.55,420.00,237.70,353.85,29.61,26.57,70.43,0.56,0.67,-16.44,284.46,13008.00
5-Oct-2025,03:19,6.00,6.06,9.78,341.89,420.83,420.00,237.70,352.82,29.61,26.57,70.14,0.56,0.67,-16.10,283.30,13008.00
5-Oct-2025,03:20,6.00,6.06,9.78,345.57,425.36,420.00,237.70,352.56,29.61,26.57,70.89,0.56,0.67,-16.99,286.35,13008.00
5-Oct-2025,03:21,6.00,6.06,9.78,346.35,426.31,420.00,237.70,353.63,29.61,26.57,71.05,0.56,0.67,-17.17,286.99,13008.00
5-Oct-2025,03:22,6.00,5.94,9.78,349.47,443.00,450.00,237.70,351.79,29.61,26.57,73.83,0.54,0.67,-20.42,298.71,13008.00
5-Oct-2025,03:23,6.00,5.94,9.67,344.31,423.80,420.00,237.70,350.57,29.50,26.57,70.63,0.56,0.67,-16.68,285.30,13008.00
5-Oct-2025,03:24,6.00,5.94,9.67,348.67,429.17,435.00,237.70,352.69,29.50,26.57,71.53,0.55,0.67,-17.79,289.15,13008.00
5-Oct-2025,03:25,6.00,5.94,9.67,343.90,423.31,420.00,237.70,352.66,29.50,26.57,70.55,0.56,0.67,-16.59,284.97,13008.00
5-Oct-2025,03:26,6.00,5.94,9.67,342.20,421.22,420.00,237.70,353.53,29.50,26.35,70.20,0.56,0.67,-16.17,283.57,13008.00
5-Oct-2025,03:27,6.00,6.06,9.67,343.01,409.60,405.00,237.70,354.62,29.50,26.35,68.27,0.58,0.68,-14.15,276.87,13008.00
5-Oct-2025,03:28,6.00,6.06,9.67,342.20,408.64,405.00,237.70,354.08,29.50,26.35,68.11,0.58,0.68,-13.94,276.22,13008.00
5-Oct-2025,03:29,6.00,6.06,9.67,343.56,410.27,405.00,237.70,353.50,29.50,26.35,68.38,0.58,0.68,-14.29,277.32,13008.00
5-Oct-2025,03:30,6.00,6.06,9.78,344.68,424.26,420.00,237.70,353.50,29.50,26.35,70.71,0.56,0.67,-16.77,285.61,13008.00
5-Oct-2025,03:31,6.00,6.06,9.78,341.86,420.80,420.00,237.70,350.86,29.50,26.35,70.13,0.56,0.67,-16.09,283.28,13008.00
5-Oct-2025,03:32,6.00,6.06,9.78,345.42,425.17,420.00,237.70,353.02,29.50,26.35,70.86,0.56,0.67,-16.95,286.22,13008.00
5-Oct-2025,03:33,6.00,6.06,9.78,342.73,421.86,420.00,237.70,352.69,29.50,26.35,70.31,0.56,0.67,-16.30,284.00,13008.00
5-Oct-2025,03:34,6.00,6.06,9.78,342.88,422.05,420.00,237.70,351.60,29.50,26.20,70.34,0.56,0.67,-16.34,284.12,13008.00
5-Oct-2025,03:35,6.00,6.06,9.78,344.46,423.99,420.00,237.70,353.50,29.50,26.20,70.67,0.56,0.67,-16.72,285.43,13008.00
5-Oct-2025,03:36,6.00,6.06,9.78,342.17,421.18,420.00,237.70,352.44,29.50,26.20,70.20,0.56,0.67,-16.17,283.54,13008.00
5-Oct-2025,03:37,6.00,6.06,9.78,346.25,426.20,420.00,237.70,352.82,29.50,26.20,71.03,0.56,0.67,-17.15,286.92,13008.00
5-Oct-2025,03:38,6.00,6.06,9.78,348.17,428.56,435.00,237.70,353.88,29.50,26.20,71.43,0.55,0.67,-17.68,288.74,13008.00
5-Oct-2025,03:39,6.00,6.06,9.78,344.43,423.96,420.00,237.70,352.79,29.50,26.20,70.66,0.56,0.67,-16.71,285.41,13008.00
5-Oct-2025,03:40,6.00,6.06,9.78,343.90,423.31,420.00,237.70,351.44,29.50,26.20,70.55,0.56,0.67,-16.59,284.97,13008.00
5-Oct-2025,03:41,6.00,6.06,9.67,345.23,412.26,405.00,237.70,352.73,29.50,26.20,68.71,0.58,0.68,-14.70,278.67,13008.00
5-Oct-2025,03:42,6.00,6.06,9.67,345.67,412.78,420.00,237.70,351.53,29.50,26.20,68.80,0.58,0.67,-14.46,277.88,13008.00
5-Oct-2025,03:43,6.00,6.06,9.67,343.44,410.12,405.00,237.70,350.86,29.50,26.20,68.35,0.58,0.68,-14.25,277.22,13008.00
5-Oct-2025,03:44,6.00,6.06,9.67,343.53,410.23,405.00,237.70,352.18,29.50,26.20,68.37,0.58,0.68,-14.28,277.29,13008.00
5-Oct-2025,03:45,6.00,6.06,9.67,345.11,412.11,405.00,237.70,353.18,29.50,26.20,68.69,0.58,0.68,-14.67,278.57,13008.00
5-Oct-2025,03:46,6.00,6.06,9.67,344.68,411.60,405.00,237.70,352.53,29.39,26.06,68.60,0.58,0.67,-13.63,275.22,13008.00
5-Oct-2025,03:47,6.00,6.06,9.67,343.44,410.12,405.00,237.70,353.50,29.39,26.06,68.35,0.58,0.67,-13.32,274.23,13008.00
5-Oct-2025,03:48,6.00,6.06,9.67,343.69,410.41,405.00,237.70,353.37,29.39,26.06,68.40,0.58,0.67,-13.38,274.43,13008.00
5-Oct-2025,03:49,6.00,6.06,9.67,345.02,412.00,405.00,237.70,351.08,29.39,26.06,68.67,0.58,0.67,-13.72,275.49,13008.00
5-Oct-2025,03:50,6.00,6.06,9.67,346.96,414.33,420.00,237.70,352.53,29.39,25.87,69.06,0.57,0.67,-13.90,276.08,13008.00
5-Oct-2025,03:51,6.00,6.06,9.67,341.34,407.61,405.00,237.70,352.21,29.39,25.87,67.94,0.58,0.67,-12.79,272.55,13009.00
5-Oct-2025,03:52,6.00,6.06,9.67,343.22,409.86,405.00,237.70,351.57,29.39,25.98,68.31,0.58,0.67,-13.27,274.06,13009.00
5-Oct-2025,03:53,6.00,6.06,9.67,345.70,412.81,420.00,237.70,354.82,29.39,25.98,68.80,0.58,0.67,-13.58,275.07,13009.00
5-Oct-2025,03:54,6.00,6.06,9.67,345.33,412.37,405.00,237.70,352.08,29.39,25.98,68.73,0.58,0.67,-13.79,275.74,13009.00
5-Oct-2025,03:55,6.00,6.06,9.67,341.86,408.24,405.00,237.70,352.44,29.39,25.98,68.04,0.58,0.67,-12.92,272.97,13009.00
5-Oct-2025,03:56,6.00,6.06,9.67,341.09,407.31,405.00,237.70,352.85,29.39,25.98,67.89,0.58,0.67,-12.72,272.35,13009.00
5-Oct-2025,03:57,6.00,6.06,9.67,346.10,413.29,420.00,237.70,353.37,29.39,25.98,68.88,0.58,0.67,-13.68,275.39,13009.00
5-Oct-2025,03:58,6.00,6.06,9.67,346.07,413.26,420.00,237.70,351.28,29.39,25.98,68.88,0.58,0.67,-13.68,275.37,13009.00
5-Oct-2025,03:59,6.00,6.06,9.67,343.01,409.60,405.00,237.70,356.17,29.39,25.98,68.27,0.58,0.67,-13.21,273.88,13009.00
5-Oct-2025,04:00,6.00,6.06,9.67,344.83,411.78,405.00,237.70,352.95,29.50,25.98,68.63,0.58,0.67,-13.67,275.34,13009.00
5-Oct-2025,04:01,6.00,6.06,9.67,344.89,411.85,405.00,237.70,351.86,29.50,25.98,68.64,0.58,0.67,-13.68,275.39,13009.00
5-Oct-2025,04:02,6.00,6.06,9.67,344.80,411.74,405.00,237.70,353.43,29.50,26.17,68.62,0.58,0.68,-14.59,278.32,13009.00
5-Oct-2025,04:03,6.00,6.06,9.67,343.75,410.49,405.00,237.70,351.47,29.50,26.17,68.42,0.58,0.68,-14.33,277.47,13009.00
5-Oct-2025,04:04,6.00,6.06,9.67,345.98,413.15,420.00,237.70,351.76,29.50,26.17,68.86,0.58,0.67,-14.54,278.13,13009.00
5-Oct-2025,04:05,6.00,6.06,9.67,345.11,412.11,405.00,237.70,355.04,29.50,26.17,68.69,0.58,0.68,-14.67,278.57,13009.00
5-Oct-2025,04:06,6.00,6.06,9.67,343.97,410.75,405.00,237.70,352.15,29.50,26.17,68.46,0.58,0.68,-14.39,277.65,13009.00
5-Oct-2025,04:07,6.00,6.06,9.67,348.05,415.62,420.00,237.70,352.66,29.50,26.29,69.27,0.57,0.67,-15.04,279.80,13009.00
5-Oct-2025,04:08,6.00,6.06,9.67,343.16,409.79,405.00,237.70,352.40,29.50,26.29,68.30,0.58,0.68,-14.19,277.00,13009.00
5-Oct-2025,04:09,6.00,6.06,9.67,340.81,406.98,405.00,237.70,353.43,29.50,26.29,67.83,0.58,0.68,-13.59,275.10,13009.00
5-Oct-2025,04:10,6.00,6.06,9.67,344.71,411.63,405.00,237.70,351.37,29.50,26.29,68.61,0.58,0.68,-14.57,278.24,13009.00
5-Oct-2025,04:11,6.00,6.06,9.67,345.67,412.78,420.00,237.70,352.69,29.50,26.29,68.80,0.58,0.67,-14.46,277.88,13009.00
5-Oct-2025,04:12,6.00,6.06,9.67,342.57,409.08,405.00,237.70,353.88,29.50,26.29,68.18,0.58,0.68,-14.04,276.52,13009.00
5-Oct-2025,04:13,6.00,6.06,9.67,344.52,411.41,405.00,237.70,351.08,29.50,26.29,68.57,0.58,0.68,-14.52,278.09,13009.00
5-Oct-2025,04:14,6.00,6.06,9.67,348.11,415.69,420.00,237.70,352.89,29.50,26.29,69.28,0.57,0.67,,279.84,13009.00
5-Oct-2025,04:15,6.00,6.06,9.67,345.17,412.19,405.00,237.70,352.66,29.50,26.29,68.70,0.58,0.68,,278.62,13009.00
5-Oct-2025,04:16,6.00,6.06,9.67,344.06,410.86,405.00,237.70,354.21,29.50,26.29,68.48,0.58,0.68,,277.72,13009.00
5-Oct-2025,04:17,6.00,6.06,9.67,344.43,411.30,405.00,237.70,353.66,29.50,26.29,68.55,0.58,0.68,,278.02,13009.00
5-Oct-2025,04:18,6.00,6.06,9.67,343.56,410.27,405.00,237.70,350.63,29.50,26.29,68.38,0.58,0.68,,277.32,13009.00
5-Oct-2025,04:19,6.00,6.06,9.67,347.15,414.55,420.00,237.70,353.50,29.39,26.29,69.09,0.57,0.67,,279.08,13009.00
5-Oct-2025,04:20,6.00,6.06,9.67,345.33,412.37,405.00,237.70,353.56,29.39,26.29,68.73,0.58,0.68,,278.74,13009.00
5-Oct-2025,04:21,6.00,6.06,9.67,343.63,410.34,405.00,237.70,354.88,29.39,26.29,68.39,0.58,0.68,,277.37,13009.00
5-Oct-2025,04:22,6.00,6.06,9.67,342.26,408.72,405.00,237.70,352.56,29.50,26.29,68.12,0.58,0.68,,276.27,13009.00
5-Oct-2025,04:23,6.00,6.06,9.67,345.60,412.70,420.00,237.70,355.08,29.50,26.29,68.78,0.58,0.67,,277.83,13009.00
5-Oct-2025,04:24,6.00,6.06,9.67,341.12,407.35,405.00,237.70,354.50,29.50,26.29,67.89,0.58,0.68,-13.67,275.35,13009.00
5-Oct-2025,04:25,6.00,6.06,9.67,343.97,410.75,405.00,237.70,353.37,29.50,26.29,68.46,0.58,0.68,-14.39,277.65,13009.00
5-Oct-2025,04:26,6.00,6.06,9.67,343.78,410.52,405.00,237.70,352.53,29.50,26.45,68.42,0.58,0.68,-14.34,277.49,13009.00
5-Oct-2025,04:27,6.00,6.06,9.67,341.06,407.28,405.00,237.70,351.76,29.50,26.45,67.88,0.58,0.68,-13.66,275.30,13009.00
5-Oct-2025,04:28,6.00,6.06,9.67,343.84,410.60,405.00,237.70,356.46,29.50,26.45,68.43,0.58,0.68,-14.35,277.55,13009.00
5-Oct-2025,04:29,6.00,6.06,9.67,341.21,407.46,405.00,237.70,352.95,29.50,26.45,67.91,0.58,0.68,-13.69,275.42,13009.00
5-Oct-2025,04:30,6.00,6.06,9.67,344.80,411.74,405.00,237.70,353.72,29.50,26.45,68.62,0.58,0.68,-14.59,278.32,13009.00
5-Oct-2025,04:31,6.00,6.06,9.67,345.26,412.30,405.00,237.70,352.95,29.50,26.45,68.72,0.58,0.68,-14.71,278.69,13009.00
5-Oct-2025,04:32,6.00,6.06,9.67,344.61,411.52,405.00,237.70,353.14,29.50,26.45,68.59,0.58,0.68,-14.55,278.17,13009.00
5-Oct-2025,04:33,6.00,6.06,9.67,347.61,415.10,420.00,237.70,353.76,29.50,26.45,69.18,0.57,0.67,-14.94,279.45,13009.00
5-Oct-2025,04:34,6.00,6.06,9.67,348.97,416.73,420.00,237.70,354.50,29.50,26.45,69.46,0.57,0.67,-15.27,280.54,13009.00
5-Oct-2025,04:35,6.00,6.06,9.67,344.21,411.04,405.00,237.70,352.40,29.50,26.45,68.51,0.58,0.68,-14.45,277.84,13009.00
5-Oct-2025,04:36,6.00,6.06,9.67,343.44,410.12,405.00,237.70,352.21,29.50,26.45,68.35,0.58,0.68,-14.25,277.22,13009.00
5-Oct-2025,04:37,6.00,6.06,9.67,342.70,409.23,405.00,237.70,352.56,29.50,26.45,68.21,0.58,0.68,-14.07,276.62,13009.00
5-Oct-2025,04:38,6.00,6.06,9.67,346.59,413.88,420.00,237.70,351.70,29.50,26.45,68.98,0.57,0.67,-14.69,278.62,13009.00
5-Oct-2025,04:39,6.00,6.06,9.67,348.51,416.17,420.00,237.70,351.82,29.50,26.45,69.36,0.57,0.67,-15.16,280.17,13009.00
5-Oct-2025,04:40,6.00,6.06,9.67,343.87,410.64,405.00,237.70,352.11,29.50,26.45,68.44,0.58,0.68,-14.36,277.57,13009.00
5-Oct-2025,04:41,6.00,6.06,9.67,347.49,414.96,420.00,237.70,353.02,29.50,26.45,69.16,0.57,0.67,-14.91,279.35,13009.00
5-Oct-2025,04:42,6.00,6.06,9.67,348.91,416.65,420.00,237.70,353.43,29.50,26.45,69.44,0.57,0.67,-15.25,280.49,13009.00
5-Oct-2025,04:43,6.00,6.06,9.67,346.16,413.37,420.00,237.70,353.21,29.50,26.45,68.90,0.58,0.67,-14.58,278.28,13009.00
5-Oct-2025,04:44,6.00,6.06,9.67,340.63,406.76,405.00,237.70,352.53,29.50,26.45,67.79,0.58,0.68,-13.55,274.95,13009.00
5-Oct-2025,04:45,6.00,6.06,9.67,345.54,412.63,420.00,237.70,352.34,29.61,26.45,68.77,0.58,0.67,-14.43,277.78,13009.00
5-Oct-2025,04:46,6.00,6.06,9.67,346.07,413.26,420.00,237.70,351.08,29.61,26.45,68.88,0.58,0.67,-14.56,278.21,13009.00
5-Oct-2025,04:47,6.00,6.06,9.67,342.30,408.75,405.00,237.70,353.37,29.61,26.45,68.13,0.58,0.68,-13.97,276.29,13009.00
5-Oct-2025,04:48,6.00,6.06,9.67,344.80,411.74,405.00,237.70,351.66,29.61,26.45,68.62,0.58,0.68,-14.59,278.32,13009.00
5-Oct-2025,04:49,6.00,6.06,9.67,348.20,415.80,420.00,237.70,353.11,29.50,26.45,69.30,0.57,0.67,-15.08,279.92,13009.00
5-Oct-2025,04:50,6.00,6.06,9.67,345.20,412.22,405.00,237.70,351.34,29.50,26.45,68.70,0.58,0.68,-14.69,278.64,13009.00
5-Oct-2025,04:51,6.00,6.06,9.67,346.44,413.70,420.00,237.70,352.18,29.50,26.45,68.95,0.57,0.67,-14.65,278.50,13010.00
5-Oct-2025,04:52,6.00,6.06,9.67,344.12,410.93,405.00,237.70,352.98,29.61,26.45,68.49,0.58,0.68,-14.42,277.77,13010.00
5-Oct-2025,04:53,6.00,6.06,9.67,347.09,414.48,420.00,237.70,353.37,29.61,26.45,69.08,0.57,0.67,-14.81,279.03,13010.00
5-Oct-2025,04:54,6.00,6.06,9.67,344.55,411.45,405.00,237.70,353.27,29.61,26.45,68.58,0.58,0.68,-14.53,278.12,13010.00
5-Oct-2025,04:55,6.00,5.94,9.67,341.24,420.04,420.00,237.70,353.11,29.61,26.63,70.01,0.57,0.67,-15.94,282.77,13010.00
5-Oct-2025,04:56,6.00,5.94,9.67,346.25,426.20,420.00,237.70,351.08,29.61,26.63,71.03,0.56,0.67,-17.15,286.92,13010.00
5-Oct-2025,04:57,6.00,5.94,9.67,343.84,423.23,420.00,237.70,351.12,29.61,26.63,70.54,0.56,0.67,-16.57,284.92,13010.00
5-Oct-2025,04:58,6.00,5.94,9.67,345.98,425.86,420.00,237.70,351.53,29.50,26.63,70.98,0.56,0.67,-17.09,286.69,13010.00
5-Oct-2025,04:59,6.00,5.94,9.67,345.67,425.48,420.00,237.70,350.79,29.50,26.51,70.91,0.56,0.67,-17.01,286.43,13010.00
5-Oct-2025,05:00,6.00,5.94,9.67,345.88,425.74,420.00,237.70,352.82,29.50,26.51,70.96,0.56,0.67,-17.06,286.61,13010.00
5-Oct-2025,05:01,6.00,5.94,9.67,346.10,426.01,420.00,237.70,349.25,29.50,26.51,71.00,0.56,0.67,-17.12,286.79,13010.00
5-Oct-2025,05:02,6.00,5.94,9.67,340.47,419.08,420.00,237.70,352.56,29.50,26.41,69.85,0.57,0.67,-15.75,282.12,13010.00
5-Oct-2025,05:03,6.00,5.94,9.67,347.03,427.15,420.00,237.70,351.28,29.50,26.41,71.19,0.56,0.67,-17.34,287.56,13010.00
5-Oct-2025,05:04,6.00,5.94,9.67,342.39,421.44,420.00,237.70,350.89,29.50,26.41,70.24,0.56,0.67,-16.22,283.71,13010.00
5-Oct-2025,05:05,6.00,5.94,9.67,345.85,425.71,420.00,237.70,351.66,29.50,26.41,70.95,0.56,0.67,-17.06,286.59,13010.00
5-Oct-2025,05:06,6.00,5.94,9.67,348.79,429.32,435.00,237.70,350.38,29.50,26.41,71.55,0.55,0.67,-17.82,289.25,13010.00
5-Oct-2025,05:07,6.00,5.94,9.67,344.15,423.61,420.00,237.70,352.44,29.50,26.41,70.60,0.56,0.67,-16.65,285.17,13010.00
5-Oct-2025,05:08,6.00,5.94,9.67,346.25,426.20,420.00,237.70,349.47,29.50,26.41,71.03,0.56,0.67,-17.15,286.92,13010.00
5-Oct-2025,05:09,6.00,5.94,9.67,344.86,424.49,420.00,237.70,355.17,29.50,26.41,70.75,0.56,0.67,-16.82,285.77,13010.00
5-Oct-2025,05:10,6.00,5.94,9.67,341.12,419.88,420.00,237.70,353.27,29.50,26.41,69.98,0.57,0.67,-15.91,282.66,13010.00
5-Oct-2025,05:11,6.00,5.94,9.67,342.70,421.82,420.00,237.70,352.95,29.50,26.41,70.30,0.56,0.67,-16.29,283.97,13010.00
5-Oct-2025,05:12,6.00,5.94,9.67,342.36,421.41,420.00,237.70,353.79,29.50,26.41,70.24,0.56,0.67,-16.21,283.69,13010.00
5-Oct-2025,05:13,6.00,5.94,9.67,345.88,425.74,420.00,237.70,351.53,29.50,26.41,70.96,0.56,0.67,-17.06,286.61,13010.00
5-Oct-2025,05:14,6.00,5.94,9.67,344.77,424.37,420.00,237.70,354.08,29.50,26.41,70.73,0.56,0.67,-16.80,285.69,13010.00
5-Oct-2025,05:15,6.00,5.94,9.67,342.91,422.09,420.00,237.70,353.40,29.50,26.41,70.35,0.56,0.67,-16.35,284.15,13010.00
5-Oct-2025,05:16,6.00,5.94,9.67,346.41,426.39,420.00,237.70,350.76,29.50,26.41,71.07,0.56,0.67,-17.19,287.05,13010.00
5-Oct-2025,05:17,6.00,5.94,9.67,343.29,422.55,420.00,237.70,352.05,29.50,26.53,70.43,0.56,0.67,-16.44,284.46,13010.00
5-Oct-2025,05:18,6.00,5.94,9.67,345.54,425.33,420.00,237.70,354.21,29.50,26.53,70.89,0.56,0.67,-16.98,286.33,13010.00
5-Oct-2025,05:19,6.00,5.94,9.67,343.93,423.35,420.00,237.70,357.10,29.50,26.53,70.56,0.56,0.67,-16.59,285.00,13010.00
5-Oct-2025,05:20,6.00,5.94,9.67,342.23,421.25,420.00,237.70,352.98,29.50,26.53,70.21,0.56,0.67,-16.18,283.59,13010.00
5-Oct-2025,05:21,6.00,5.94,9.67,344.31,423.80,420.00,237.70,352.60,29.50,26.41,70.63,0.56,0.67,-16.68,285.30,13010.00
5-Oct-2025,05:22,6.00,5.94,9.67,341.00,419.73,420.00,237.70,350.47,29.50,26.41,69.96,0.57,0.67,-15.88,282.56,13010.00
5-Oct-2025,05:23,6.00,5.94,9.67,345.11,424.79,420.00,237.70,353.21,29.50,26.41,70.80,0.56,0.67,-16.88,285.97,13010.00
5-Oct-2025,05:24,6.00,5.94,9.67,345.17,424.87,420.00,237.70,350.54,29.50,26.41,70.81,0.56,0.67,-16.89,286.02,13010.00
5-Oct-2025,05:25,6.00,5.94,9.67,345.63,425.44,420.00,237.70,353.95,29.39,26.41,70.91,0.56,0.67,-17.00,286.41,13010.00
5-Oct-2025,05:26,6.00,5.94,9.67,346.50,426.51,420.00,237.70,350.25,29.39,26.41,71.09,0.56,0.67,-17.21,287.13,13010.00
5-Oct-2025,05:27,6.00,5.94,9.67,347.40,427.61,435.00,237.70,352.66,29.39,26.41,71.27,0.56,0.67,-17.49,288.10,13010.00
5-Oct-2025,05:28,6.00,5.94,9.67,344.12,423.58,420.00,237.70,354.30,29.39,26.27,70.60,0.56,0.67,-16.64,285.15,13010.00
5-Oct-2025,05:29,6.00,5.94,9.67,345.29,425.02,420.00,237.70,353.02,29.39,26.27,70.84,0.56,0.67,-16.92,286.12,13010.00
5-Oct-2025,05:30,6.00,5.94,9.67,344.49,424.03,420.00,237.70,350.21,29.39,26.27,70.67,0.56,0.67,-16.73,285.46,13010.00
5-Oct-2025,05:31,6.00,5.94,9.67,346.72,426.77,420.00,237.70,353.21,29.39,26.27,71.13,0.56,0.67,-17.26,287.30,13010.00
5-Oct-2025,05:32,6.00,5.94,9.67,346.69,426.73,420.00,237.70,352.18,29.39,26.27,71.12,0.56,0.67,-17.26,287.27,13010.00
5-Oct-2025,05:33,6.00,5.94,9.67,345.98,425.86,420.00,237.70,355.43,29.39,26.27,70.98,0.56,0.67,-17.09,286.69,13010.00
5-Oct-2025,05:34,6.00,5.94,9.67,342.36,421.41,420.00,237.70,353.24,29.39,26.27,70.24,0.56,0.67,-16.21,283.69,13010.00
5-Oct-2025,05:35,6.00,6.06,9.67,346.25,413.48,420.00,237.70,353.63,29.39,26.27,68.91,0.57,0.67,-14.60,278.35,13010.00
5-Oct-2025,05:36,6.00,6.06,9.67,344.34,411.19,405.00,237.70,353.82,29.39,26.27,68.53,0.58,0.68,-14.48,277.94,13010.00
5-Oct-2025,05:37,6.00,6.06,9.67,340.50,406.61,405.00,237.70,354.01,29.39,26.27,67.77,0.58,0.68,-13.51,274.85,13010.00
5-Oct-2025,05:38,6.00,6.06,9.67,344.83,411.78,405.00,237.70,354.91,29.28,26.27,68.63,0.58,0.68,-14.60,278.34,13010.00
5-Oct-2025,05:39,6.00,6.06,9.67,344.03,410.82,405.00,237.70,352.79,29.28,26.27,68.47,0.58,0.68,-14.40,277.69,13010.00
5-Oct-2025,05:40,6.00,6.06,9.67,347.06,414.44,420.00,237.70,354.75,29.39,26.27,69.07,0.57,0.67,-14.80,279.00,13010.00
5-Oct-2025,05:41,6.00,5.94,9.67,347.06,427.19,420.00,237.70,351.86,29.39,26.27,71.20,0.56,0.67,-17.34,287.58,13010.00
5-Oct-2025,05:42,6.00,5.94,9.67,343.87,423.27,420.00,237.70,353.14,29.39,26.27,70.55,0.56,0.67,-16.58,284.95,13010.00
5-Oct-2025,05:43,6.00,5.94,9.67,347.58,427.84,435.00,237.70,351.60,29.39,26.37,71.31,0.56,0.67,-17.54,288.26,13010.00
5-Oct-2025,05:44,6.00,5.94,9.67,347.80,428.10,435.00,237.70,351.79,29.39,26.37,71.35,0.56,0.67,-17.59,288.43,13010.00
5-Oct-2025,05:45,6.00,5.94,9.67,344.83,424.45,420.00,237.70,354.05,29.39,26.22,70.74,0.56,0.67,-16.81,285.74,13010.00
5-Oct-2025,05:46,6.00,5.94,9.67,345.54,425.33,420.00,237.70,352.31,29.39,26.22,70.89,0.56,0.67,-16.98,286.33,13010.00
5-Oct-2025,05:47,6.00,5.94,9.67,340.26,418.82,420.00,237.70,354.17,29.39,26.22,69.80,0.57,0.67,-15.69,281.95,13010.00
5-Oct-2025,05:48,6.00,5.94,9.67,344.99,424.64,420.00,237.70,353.05,29.39,26.33,70.77,0.56,0.67,-16.85,285.87,13010.00
5-Oct-2025,05:49,6.00,5.94,9.67,343.10,422.32,420.00,237.70,353.05,29.28,26.19,70.39,0.56,0.67,-16.39,284.31,13010.00
5-Oct-2025,05:50,6.00,5.94,9.67,344.12,423.58,420.00,237.70,354.08,29.28,26.19,70.60,0.56,0.67,-16.64,285.15,13010.00
5-Oct-2025,05:51,6.00,5.94,9.67,345.17,424.87,420.00,237.70,351.15,29.28,26.19,70.81,0.56,0.67,-16.89,286.02,13011.00
5-Oct-2025,05:52,6.00,5.94,9.67,343.81,423.19,420.00,237.70,350.86,29.28,26.31,70.53,0.56,0.67,-16.56,284.89,13011.00
5-Oct-2025,05:53,6.00,5.94,9.67,344.65,424.22,420.00,237.70,352.85,29.28,26.17,70.70,0.56,0.67,-16.77,285.58,13011.00
5-Oct-2025,05:54,6.00,5.94,9.67,346.10,426.01,420.00,237.70,350.99,29.28,26.17,71.00,0.56,0.67,-17.12,286.79,13011.00
5-Oct-2025,05:55,6.00,5.94,9.67,347.43,427.65,435.00,237.70,355.17,29.28,26.17,71.28,0.56,0.67,-17.50,288.13,13011.00
5-Oct-2025,05:56,6.00,5.94,9.67,347.12,427.27,420.00,237.70,354.85,29.28,26.17,71.21,0.56,0.67,-17.36,287.64,13011.00
5-Oct-2025,05:57,6.00,6.06,9.67,344.74,411.67,405.00,237.70,351.34,29.28,26.17,68.61,0.58,0.68,-14.58,278.27,13011.00
5-Oct-2025,05:58,6.00,6.06,9.67,343.50,410.19,405.00,237.70,352.18,29.28,26.17,68.37,0.58,0.68,-14.27,277.27,13011.00
5-Oct-2025,05:59,6.00,6.06,9.67,344.74,411.67,405.00,237.70,352.63,29.28,26.17,68.61,0.58,0.68,-14.58,278.27,13011.00
5-Oct-2025,06:00,6.00,6.06,9.67,341.49,407.79,405.00,237.70,349.35,29.39,26.17,67.97,0.58,0.68,-13.76,275.65,13011.00
5-Oct-2025,06:01,6.00,5.94,9.67,345.05,424.72,420.00,237.70,354.91,29.39,26.17,70.79,0.56,0.67,-16.86,285.92,13011.00
5-Oct-2025,06:02,6.00,5.94,9.67,347.95,428.29,435.00,237.70,352.40,29.39,26.28,71.38,0.56,0.67,-17.62,288.56,13011.00
5-Oct-2025,06:03,6.00,5.94,9.67,342.54,421.63,420.00,237.70,351.02,29.39,26.28,70.27,0.56,0.67,-16.25,283.84,13011.00
5-Oct-2025,06:04,6.00,5.94,9.67,340.63,419.27,420.00,237.70,351.63,29.39,26.18,69.88,0.57,0.67,-15.78,282.25,13011.00
5-Oct-2025,06:05,6.00,5.94,9.67,343.22,422.47,420.00,237.70,353.30,29.39,26.18,70.41,0.56,0.67,-16.42,284.41,13011.00
5-Oct-2025,06:06,6.00,5.94,9.67,344.37,423.88,420.00,237.70,353.08,29.39,26.18,70.65,0.56,0.67,-16.70,285.36,13011.00
5-Oct-2025,06:07,6.00,5.94,9.67,346.25,426.20,420.00,237.70,350.05,29.39,26.18,71.03,0.56,0.67,-17.15,286.92,13011.00
5-Oct-2025,06:08,6.00,5.94,9.67,344.24,423.73,420.00,237.70,354.40,29.39,26.18,70.62,0.56,0.67,-16.67,285.26,13011.00
5-Oct-2025,06:09,6.00,5.94,9.67,346.19,426.12,420.00,237.70,354.66,29.39,26.18,71.02,0.56,0.67,-17.14,286.86,13011.00
5-Oct-2025,06:10,6.00,6.06,9.67,343.81,410.56,405.00,237.70,353.98,29.39,26.18,68.43,0.58,0.68,-14.35,277.52,13011.00
5-Oct-2025,06:11,6.00,6.06,9.67,347.68,415.18,420.00,237.70,353.02,29.39,26.18,69.20,0.57,0.67,-14.95,279.50,13011.00
5-Oct-2025,06:12,6.00,6.06,9.67,343.66,410.38,405.00,237.70,352.60,29.39,26.18,68.40,0.58,0.68,-14.31,277.40,13011.00
5-Oct-2025,06:13,6.00,6.06,9.67,346.78,414.11,420.00,237.70,353.37,29.39,26.18,69.02,0.57,0.67,-14.73,278.78,13011.00
5-Oct-2025,06:14,6.00,6.06,9.67,340.41,406.50,405.00,237.70,351.86,29.39,26.18,67.75,0.58,0.68,-13.49,274.77,13011.00
5-Oct-2025,06:15,6.00,6.06,9.67,349.22,417.02,420.00,237.70,353.21,29.39,26.18,69.50,0.57,0.67,-15.33,280.74,13011.00
5-Oct-2025,06:16,6.00,6.06,9.67,346.78,414.11,420.00,237.70,350.60,29.39,26.18,69.02,0.57,0.67,-14.73,278.78,13011.00
5-Oct-2025,06:17,6.00,6.06,9.67,345.11,412.11,405.00,237.70,349.15,29.39,26.18,68.69,0.58,0.68,-14.67,278.57,13011.00
5-Oct-2025,06:18,6.00,6.06,9.67,345.08,412.08,405.00,237.70,351.66,29.39,26.18,68.68,0.58,0.68,-14.66,278.55,13011.00
5-Oct-2025,06:19,6.00,5.94,9.67,344.95,424.60,420.00,237.70,351.41,29.39,26.18,70.77,0.56,0.67,-16.84,285.84,13011.00
5-Oct-2025,06:20,6.00,5.94,9.67,348.91,429.47,435.00,237.70,350.99,29.39,26.18,71.58,0.55,0.67,-17.85,289.36,13011.00
5-Oct-2025,06:21,6.00,5.94,9.67,340.44,419.05,420.00,237.70,351.12,29.39,26.18,69.84,0.57,0.67,-15.74,282.10,13011.00
5-Oct-2025,06:22,6.00,5.94,9.67,343.84,423.23,420.00,237.70,352.15,29.39,26.18,70.54,0.56,0.67,-16.57,284.92,13011.00
5-Oct-2025,06:23,6.00,5.94,9.67,346.01,425.90,420.00,237.70,351.82,29.39,26.18,70.98,0.56,0.67,-17.09,286.72,13011.00
5-Oct-2025,06:24,6.00,5.94,9.67,344.15,423.61,420.00,237.70,351.05,29.39,26.18,70.60,0.56,0.67,-16.65,285.17,13011.00
5-Oct-2025,06:25,6.00,5.94,9.67,345.57,425.36,420.00,237.70,351.12,29.39,26.18,70.89,0.56,0.67,-16.99,286.35,13011.00
5-Oct-2025,06:26,6.00,5.94,9.67,345.76,425.59,420.00,237.70,352.53,29.39,26.18,70.93,0.56,0.67,-17.03,286.51,13011.00
5-Oct-2025,06:27,6.00,5.94,9.67,345.48,425.25,420.00,237.70,350.79,29.39,26.18,70.88,0.56,0.67,-16.97,286.28,13011.00
5-Oct-2025,06:28,6.00,5.94,9.67,344.83,424.45,420.00,237.70,354.27,29.39,26.18,70.74,0.56,0.67,-16.81,285.74,13011.00
5-Oct-2025,06:29,6.00,5.94,9.67,347.15,427.30,420.00,237.70,354.56,29.39,26.18,71.22,0.56,0.67,-17.37,287.66,13011.00
5-Oct-2025,06:30,6.00,6.06,9.67,341.49,407.79,405.00,237.70,353.98,29.39,26.18,67.97,0.58,0.68,-13.76,275.65,13011.00
5-Oct-2025,06:31,6.00,6.06,9.67,342.26,408.72,405.00,237.70,352.05,29.39,26.18,68.12,0.58,0.68,-13.96,276.27,13011.00
5-Oct-2025,06:32,6.00,6.06,9.67,344.74,411.67,405.00,237.70,352.76,29.39,26.18,68.61,0.58,0.68,-14.58,278.27,13011.00
5-Oct-2025,06:33,6.00,6.06,9.67,344.06,410.86,405.00,237.70,352.89,29.39,26.18,68.48,0.58,0.68,-14.41,277.72,13011.00
5-Oct-2025,06:34,6.00,6.06,9.67,345.17,412.19,405.00,237.70,350.31,29.39,26.18,68.70,0.58,0.68,-14.69,278.62,13011.00
5-Oct-2025,06:35,6.00,6.06,9.67,342.36,408.83,405.00,237.70,354.27,29.39,26.18,68.14,0.58,0.68,-13.98,276.35,13011.00
5-Oct-2025,06:36,6.00,6.06,9.67,344.83,411.78,405.00,237.70,350.25,29.39,26.18,68.63,0.58,0.68,-14.60,278.34,13011.00
5-Oct-2025,06:37,6.00,6.06,9.67,346.90,414.25,420.00,237.70,352.11,29.39,26.18,69.04,0.57,0.67,-14.76,278.87,13011.00
5-Oct-2025,06:38,6.00,6.06,9.67,343.50,410.19,405.00,237.70,353.30,29.39,25.84,68.37,0.58,0.67,-13.33,274.28,13011.00
5-Oct-2025,06:39,6.00,6.06,9.67,344.99,411.96,405.00,237.70,355.01,29.39,25.62,68.66,0.58,0.67,-13.71,275.46,13011.00
5-Oct-2025,06:40,6.00,6.06,9.67,343.69,410.41,405.00,237.70,353.47,29.28,25.46,68.40,0.58,0.65,-11.45,268.44,13011.00
5-Oct-2025,06:41,6.00,6.06,9.67,346.87,414.22,420.00,237.70,354.62,29.17,25.46,69.04,0.57,0.65,-12.06,270.31,13011.00
5-Oct-2025,06:42,6.00,6.06,9.67,345.60,412.70,420.00,237.70,355.33,29.17,25.34,68.78,0.58,0.65,-11.74,269.32,13011.00
5-Oct-2025,06:43,6.00,5.94,9.67,342.45,421.52,420.00,237.70,354.56,29.17,25.34,70.25,0.56,0.65,-13.59,275.07,13011.00
5-Oct-2025,06:44,6.00,5.94,9.67,345.33,425.06,420.00,237.70,352.89,29.06,25.34,70.84,0.56,0.65,-14.31,277.38,13011.00
5-Oct-2025,06:45,6.00,5.94,9.56,342.48,408.97,405.00,237.70,351.73,28.94,25.23,68.16,0.58,0.65,-11.14,267.50,13011.00
5-Oct-2025,06:46,6.00,5.94,9.56,344.77,411.71,405.00,237.70,355.11,28.83,25.02,68.62,0.58,0.64,-9.64,263.07,13011.00
5-Oct-2025,06:47,6.00,5.94,9.56,344.55,411.45,405.00,237.70,351.28,28.72,24.75,68.58,0.58,0.64,-9.58,262.90,13011.00
5-Oct-2025,06:48,6.00,5.94,9.56,345.14,412.15,405.00,237.70,351.41,28.61,24.49,68.69,0.58,0.64,-9.74,263.35,13011.00
5-Oct-2025,06:49,6.00,5.94,9.67,348.51,428.98,435.00,237.70,351.50,28.44,24.38,71.50,0.55,0.62,-10.70,266.20,13011.00
5-Oct-2025,06:50,6.00,5.94,9.67,345.57,425.36,420.00,237.70,352.37,28.33,24.19,70.89,0.56,0.62,-10.12,264.48,13011.00
5-Oct-2025,06:51,6.00,5.94,9.67,346.56,426.58,420.00,237.70,352.11,28.22,24.04,71.10,0.56,0.62,-10.38,265.24,13012.00
5-Oct-2025,06:52,6.00,5.94,9.67,343.01,422.21,420.00,237.70,354.14,28.11,24.04,70.37,0.56,0.62,-9.45,262.52,13012.00
5-Oct-2025,06:53,6.00,5.94,9.67,346.10,426.01,420.00,237.70,350.54,28.11,23.87,71.00,0.56,0.61,-7.94,258.20,13012.00
5-Oct-2025,06:54,6.00,5.94,9.67,344.40,423.92,420.00,237.70,352.40,28.00,23.87,70.65,0.56,0.61,-7.49,256.94,13012.00
5-Oct-2025,06:55,6.00,5.94,9.67,341.86,420.80,420.00,237.70,352.73,28.00,23.87,70.13,0.56,0.61,-6.80,255.05,13012.00
5-Oct-2025,06:56,6.00,5.94,9.67,345.73,425.55,420.00,237.70,351.24,28.00,23.99,70.93,0.56,0.62,-10.16,264.60,13012.00
5-Oct-2025,06:57,6.00,5.94,9.67,346.41,426.39,420.00,237.70,353.59,28.00,23.87,71.07,0.56,0.61,-8.02,258.43,13012.00
5-Oct-2025,06:58,6.00,5.94,9.67,342.88,422.05,420.00,237.70,350.73,28.00,23.87,70.34,0.56,0.61,-7.08,255.80,13012.00
5-Oct-2025,06:59,6.00,5.94,9.67,347.09,427.23,420.00,237.70,352.53,28.00,23.87,71.21,0.56,0.61,-8.20,258.94,13012.00
5-Oct-2025,07:00,6.00,5.94,9.67,344.49,424.03,420.00,237.70,352.24,28.00,23.87,70.67,0.56,0.61,-7.51,257.00,13012.00
5-Oct-2025,07:01,6.00,5.94,9.67,349.62,430.35,435.00,237.70,351.86,28.00,23.87,71.73,0.55,0.61,-8.70,260.36,13012.00
5-Oct-2025,07:02,6.00,5.94,9.67,343.01,422.21,420.00,237.70,355.40,28.11,23.87,70.37,0.56,0.61,-7.11,255.90,13012.00
5-Oct-2025,07:03,6.00,5.94,9.67,349.62,430.35,435.00,237.70,352.50,28.11,23.87,71.73,0.55,0.61,-8.70,260.36,13012.00
5-Oct-2025,07:04,6.00,6.06,9.67,346.44,413.70,420.00,237.70,350.38,28.11,23.87,68.95,0.57,0.61,-5.20,250.74,13012.00
5-Oct-2025,07:05,6.00,6.06,9.67,341.86,408.24,405.00,237.70,352.50,28.11,23.87,68.04,0.58,0.61,-4.17,248.05,13012.00
5-Oct-2025,07:06,6.00,6.06,9.78,345.33,425.06,420.00,237.70,352.63,28.11,24.05,70.84,0.56,0.62,-10.06,264.29,13012.00
5-Oct-2025,07:07,6.00,6.06,9.78,344.06,423.50,420.00,237.70,353.88,28.11,24.05,70.58,0.56,0.62,-9.73,263.32,13012.00
5-Oct-2025,07:08,6.00,6.06,9.78,345.45,425.21,420.00,237.70,349.38,28.11,24.05,70.87,0.56,0.62,-10.09,264.38,13012.00
5-Oct-2025,07:09,6.00,6.06,9.78,343.75,423.12,420.00,237.70,353.30,28.22,24.05,70.52,0.56,0.62,-9.65,263.09,13012.00
5-Oct-2025,07:10,6.00,6.06,9.78,342.73,421.86,420.00,237.70,351.44,28.22,24.05,70.31,0.56,0.62,-9.38,262.30,13012.00
5-Oct-2025,07:11,6.00,6.06,9.78,343.41,422.70,420.00,237.70,353.34,28.22,24.05,70.45,0.56,0.62,-9.56,262.82,13012.00
5-Oct-2025,07:12,6.00,6.06,9.78,345.94,425.82,420.00,237.70,350.12,28.22,23.94,70.97,0.56,0.61,-7.90,258.09,13012.00
5-Oct-2025,07:13,6.00,6.06,9.78,343.81,423.19,420.00,237.70,351.73,28.33,23.94,70.53,0.56,0.61,-7.33,256.50,13012.00
5-Oct-2025,07:14,6.00,6.06,9.78,346.10,426.01,420.00,237.70,351.37,28.33,23.82,71.00,0.56,0.61,-7.94,258.20,13012.00
5-Oct-2025,07:15,6.00,6.06,9.78,345.17,424.87,420.00,237.70,353.47,28.33,23.82,70.81,0.56,0.61,-7.69,257.51,13012.00
5-Oct-2025,07:16,6.00,6.06,9.78,347.30,427.49,420.00,237.70,352.47,28.33,23.62,71.25,0.56,0.61,-8.26,259.10,13012.00
5-Oct-2025,07:17,6.00,6.06,9.78,348.11,428.48,435.00,237.70,350.12,28.44,23.62,71.41,0.55,0.61,-8.30,259.23,13012.00
5-Oct-2025,07:18,6.00,6.06,9.78,344.68,424.26,420.00,237.70,353.37,28.44,23.62,70.71,0.56,0.61,-7.56,257.14,13012.00
5-Oct-2025,07:19,6.00,6.06,9.78,342.85,422.01,420.00,237.70,351.82,28.44,23.62,70.34,0.56,0.61,-7.07,255.78,13012.00
5-Oct-2025,07:20,6.00,6.06,9.78,343.47,422.78,420.00,237.70,350.86,28.44,23.62,70.46,0.56,0.61,-7.24,256.25,13012.00
5-Oct-2025,07:21,6.00,6.06,9.78,343.22,422.47,420.00,237.70,352.40,28.44,23.62,70.41,0.56,0.61,-7.17,256.06,13012.00
5-Oct-2025,07:22,6.00,6.06,9.78,345.11,424.79,420.00,237.70,352.02,28.44,23.62,70.80,0.56,0.61,-7.68,257.47,13012.00
5-Oct-2025,07:23,6.00,6.06,9.89,346.35,439.04,435.00,237.70,351.41,28.44,23.62,73.17,0.54,0.61,-10.51,265.62,13012.00
5-Oct-2025,07:24,6.00,6.06,9.89,343.22,435.08,435.00,237.70,349.47,28.44,23.62,72.51,0.55,0.61,-9.70,263.22,13012.00
5-Oct-2025,07:25,6.00,6.06,9.89,344.27,436.41,435.00,237.70,350.79,28.44,23.62,72.74,0.54,0.61,-9.97,264.03,13012.00
5-Oct-2025,07:26,6.00,6.06,10.00,344.40,449.23,450.00,237.70,353.21,28.44,23.62,74.87,0.53,0.60,-12.38,271.29,13012.00
5-Oct-2025,07:27,6.00,6.06,10.00,342.36,446.56,450.00,237.70,352.76,28.44,23.49,74.43,0.53,0.60,-11.86,269.68,13012.00
5-Oct-2025,07:28,6.00,6.06,10.00,344.58,449.47,450.00,237.70,351.34,28.44,23.49,74.91,0.53,0.60,-12.43,271.43,13012.00
5-Oct-2025,07:29,6.00,6.06,10.00,345.79,451.04,450.00,237.70,350.41,28.56,23.49,75.17,0.53,0.60,-12.73,272.38,13012.00
5-Oct-2025,07:30,6.00,6.06,10.00,347.74,453.58,450.00,237.70,349.31,28.56,23.49,75.60,0.52,0.60,-13.22,273.92,13012.00
5-Oct-2025,07:31,6.00,6.06,10.00,343.50,448.06,450.00,237.70,351.44,28.56,23.67,74.68,0.53,0.60,-12.15,270.58,13012.00
5-Oct-2025,07:32,6.00,6.06,10.00,346.44,451.89,450.00,237.70,350.54,28.67,23.67,75.32,0.53,0.60,-12.90,272.90,13012.00
5-Oct-2025,07:33,6.00,6.06,10.00,345.73,450.96,450.00,237.70,351.73,28.67,23.79,75.16,0.53,0.60,-12.72,272.33,13012.00
5-Oct-2025,07:34,6.00,6.06,10.00,346.47,451.93,450.00,237.70,353.66,28.67,23.79,75.32,0.53,0.60,-12.90,272.92,13012.00
5-Oct-2025,07:35,6.00,6.06,10.00,347.27,452.98,450.00,237.70,352.69,28.67,23.79,75.50,0.52,0.60,-13.11,273.55,13012.00
5-Oct-2025,07:36,6.00,6.06,10.00,348.29,454.31,450.00,237.70,353.76,28.67,23.79,75.72,0.52,0.60,-13.36,274.36,13012.00
5-Oct-2025,07:37,6.00,6.06,10.00,343.22,447.69,450.00,237.70,352.37,28.78,23.79,74.62,0.53,0.60,-12.08,270.36,13012.00
5-Oct-2025,07:38,6.00,6.06,10.00,342.05,446.16,450.00,237.70,352.34,28.78,23.79,74.36,0.53,0.60,-11.78,269.44,13012.00
5-Oct-2025,07:39,6.00,6.06,10.00,347.55,453.34,450.00,237.70,350.54,28.78,23.79,75.56,0.52,0.60,-13.17,273.77,13012.00
5-Oct-2025,07:40,6.00,6.06,10.00,343.66,448.26,450.00,237.70,353.79,28.89,23.79,74.71,0.53,0.60,-12.19,270.70,13012.00
5-Oct-2025,07:41,6.00,5.94,10.00,343.01,460.01,465.00,237.70,354.98,28.89,24.06,76.67,0.52,0.62,-16.49,284.63,13012.00
5-Oct-2025,07:42,6.00,5.94,9.89,348.14,454.11,450.00,237.70,352.79,28.89,24.06,75.69,0.52,0.62,-15.48,281.23,13012.00
5-Oct-2025,07:43,6.00,5.94,9.89,344.80,449.75,450.00,237.70,354.14,28.89,24.06,74.96,0.53,0.62,-14.66,278.53,13012.00
5-Oct-2025,07:44,6.00,5.94,9.89,343.22,447.69,450.00,237.70,354.98,28.89,24.06,74.62,0.53,0.62,-14.27,277.25,13012.00
5-Oct-2025,07:45,6.00,5.94,9.89,346.28,451.69,450.00,237.70,352.08,28.89,24.06,75.28,0.53,0.62,-15.02,279.73,13012.00
5-Oct-2025,07:46,6.00,5.94,9.78,348.60,441.90,435.00,237.70,353.72,28.89,24.06,73.65,0.54,0.62,-13.32,274.22,13012.00
5-Oct-2025,07:47,6.00,5.94,9.78,343.35,435.24,435.00,237.70,351.28,28.89,24.06,72.54,0.55,0.62,-11.99,270.08,13012.00
5-Oct-2025,07:48,6.00,5.94,9.78,347.80,440.88,435.00,237.70,351.05,28.78,24.06,73.48,0.54,0.62,-13.11,273.58,13012.00
5-Oct-2025,07:49,6.00,5.94,9.78,344.49,436.69,435.00,237.70,350.96,28.78,24.20,72.78,0.54,0.62,-12.28,270.98,13012.00
5-Oct-2025,07:50,6.00,6.06,9.78,345.57,425.36,420.00,237.70,349.96,28.78,24.20,70.89,0.56,0.62,-10.12,264.48,13012.00
5-Oct-2025,07:51,6.00,6.06,9.78,345.08,424.75,420.00,237.70,353.79,28.78,24.20,70.79,0.56,0.62,-9.99,264.10,13013.00
5-Oct-2025,07:52,6.00,6.06,9.78,347.64,427.91,435.00,237.70,351.47,28.78,24.20,71.32,0.56,0.62,-10.48,265.53,13013.00
5-Oct-2025,07:53,6.00,6.06,9.78,343.63,422.97,420.00,237.70,351.37,28.78,24.20,70.50,0.56,0.62,-9.62,262.99,13013.00
5-Oct-2025,07:54,6.00,6.06,9.78,344.65,424.22,420.00,237.70,350.34,28.78,24.20,70.70,0.56,0.62,-9.88,263.77,13013.00
5-Oct-2025,07:55,6.00,6.06,9.78,344.15,423.61,420.00,237.70,350.09,28.78,24.20,70.60,0.56,0.62,-9.75,263.39,13013.00
5-Oct-2025,07:56,6.00,6.06,9.78,343.59,422.93,420.00,237.70,352.63,28.78,24.20,70.49,0.56,0.62,-9.61,262.97,13013.00
5-Oct-2025,07:57,6.00,6.06,9.78,344.43,423.96,420.00,237.70,355.17,28.67,24.09,70.66,0.56,0.62,-9.83,263.61,13013.00
5-Oct-2025,07:58,6.00,6.06,9.78,344.55,424.11,420.00,237.70,355.01,28.67,24.09,70.69,0.56,0.62,-9.86,263.70,13013.00
5-Oct-2025,07:59,6.00,6.06,9.78,344.80,424.41,420.00,237.70,353.24,28.67,24.09,70.74,0.56,0.62,-9.92,263.89,13013.00
5-Oct-2025,08:00,6.00,6.06,9.78,346.19,426.12,420.00,237.70,350.18,28.67,23.91,71.02,0.56,0.61,-7.96,258.27,13013.00
5-Oct-2025,08:01,6.00,6.06,9.78,350.06,430.88,435.00,237.70,353.18,28.67,23.91,71.81,0.55,0.61,-8.81,260.68,13013.00
5-Oct-2025,08:02,6.00,5.94,9.78,344.99,437.32,435.00,237.70,352.47,28.67,23.91,72.89,0.54,0.61,-10.16,264.58,13013.00
5-Oct-2025,08:03,6.00,5.94,9.78,344.77,437.04,435.00,237.70,349.96,28.67,23.91,72.84,0.54,0.61,-10.10,264.41,13013.00
5-Oct-2025,08:04,6.00,5.94,9.78,345.42,437.87,435.00,237.70,351.02,28.56,23.91,72.98,0.54,0.61,-10.27,264.91,13013.00
5-Oct-2025,08:05,6.00,5.94,9.67,346.72,426.77,420.00,237.70,349.96,28.56,23.91,71.13,0.56,0.61,-8.10,258.67,13013.00
5-Oct-2025,08:06,6.00,5.94,9.67,341.86,420.80,420.00,237.70,350.60,28.56,23.91,70.13,0.56,0.61,-6.80,255.05,13013.00
5-Oct-2025,08:07,6.00,5.94,9.67,345.57,425.36,420.00,237.70,353.08,28.56,23.91,70.89,0.56,0.61,-7.80,257.81,13013.00
5-Oct-2025,08:08,6.00,5.94,9.67,345.57,425.36,420.00,237.70,351.24,28.56,23.91,70.89,0.56,0.61,-7.80,257.81,13013.00
5-Oct-2025,08:09,6.00,5.94,9.67,345.20,424.91,420.00,237.70,353.34,28.56,23.91,70.82,0.56,0.61,-7.70,257.54,13013.00
5-Oct-2025,08:10,6.00,5.94,9.67,349.41,430.08,435.00,237.70,349.86,28.44,23.91,71.68,0.55,0.61,-8.65,260.20,13013.00
5-Oct-2025,08:11,6.00,5.94,9.67,343.04,422.24,420.00,237.70,350.92,28.44,24.06,70.37,0.56,0.62,-9.46,262.54,13013.00
5-Oct-2025,08:12,6.00,5.94,9.67,344.37,423.88,420.00,237.70,350.70,28.44,24.22,70.65,0.56,0.62,-9.81,263.56,13013.00
5-Oct-2025,08:13,6.00,5.94,9.67,346.01,425.90,420.00,237.70,352.60,28.44,24.22,70.98,0.56,0.62,-10.24,264.81,13013.00
5-Oct-2025,08:14,6.00,5.94,9.67,343.56,422.89,420.00,237.70,352.85,28.44,24.34,70.48,0.56,0.62,-9.60,262.94,13013.00
5-Oct-2025,08:15,6.00,5.94,9.67,345.76,425.59,420.00,237.70,352.82,28.44,24.34,70.93,0.56,0.62,-10.17,264.62,13013.00
5-Oct-2025,08:16,6.00,5.94,9.67,343.25,422.51,420.00,237.70,351.50,28.44,24.44,70.42,0.56,0.62,-9.52,262.71,13013.00
5-Oct-2025,08:17,6.00,5.94,9.78,344.09,436.18,435.00,237.70,352.60,28.44,24.44,72.70,0.54,0.62,-12.18,270.67,13013.00
5-Oct-2025,08:18,6.00,5.94,9.78,343.93,435.98,435.00,237.70,351.92,28.44,24.56,72.66,0.55,0.64,-14.30,277.38,13013.00
5-Oct-2025,08:19,6.00,5.94,9.78,348.08,441.24,435.00,237.70,351.57,28.44,24.67,73.54,0.54,0.64,-15.32,280.72,13013.00
5-Oct-2025,08:20,6.00,5.94,9.78,343.47,435.40,435.00,237.70,350.44,28.44,24.67,72.57,0.55,0.64,-14.19,277.01,13013.00
5-Oct-2025,08:21,6.00,5.94,9.67,346.19,426.12,420.00,237.70,352.92,28.44,24.67,71.02,0.56,0.64,-12.53,271.75,13013.00
5-Oct-2025,08:22,6.00,5.94,9.67,347.12,427.27,420.00,237.70,351.82,28.56,24.67,71.21,0.56,0.64,-12.76,272.48,13013.00
5-Oct-2025,08:23,6.00,5.94,9.67,348.32,428.75,435.00,237.70,352.95,28.56,24.84,71.46,0.55,0.64,-12.86,272.78,13013.00
5-Oct-2025,08:24,6.00,5.94,9.67,347.03,427.15,420.00,237.70,352.79,28.56,24.84,71.19,0.56,0.64,-12.74,272.40,13013.00
5-Oct-2025,08:25,6.00,5.94,9.67,343.07,422.28,420.00,237.70,353.14,28.56,24.84,70.38,0.56,0.64,-11.73,269.30,13013.00
5-Oct-2025,08:26,6.00,5.94,9.67,347.09,427.23,420.00,237.70,351.95,28.56,24.70,71.21,0.56,0.64,-12.75,272.46,13013.00
5-Oct-2025,08:27,6.00,5.94,9.67,345.02,424.68,420.00,237.70,351.37,28.56,24.70,70.78,0.56,0.64,-12.23,270.83,13013.00
5-Oct-2025,08:28,6.00,5.94,9.67,347.18,427.34,420.00,237.70,352.73,28.56,24.70,71.22,0.56,0.64,-12.78,272.53,13013.00
5-Oct-2025,08:29,6.00,5.94,9.67,346.47,426.47,420.00,237.70,353.30,28.56,24.70,71.08,0.56,0.64,-12.60,271.97,13013.00
5-Oct-2025,08:30,6.00,5.94,9.67,345.73,425.55,420.00,237.70,352.44,28.44,24.70,70.93,0.56,0.64,-12.41,271.38,13013.00
5-Oct-2025,08:31,6.00,5.94,9.67,344.61,424.18,420.00,237.70,349.92,28.44,24.48,70.70,0.56,0.64,-12.13,270.51,13013.00
5-Oct-2025,08:32,6.00,5.94,9.67,348.36,428.79,435.00,237.70,350.44,28.44,24.48,71.47,0.55,0.64,-12.87,272.80,13013.00
5-Oct-2025,08:33,6.00,5.94,9.67,343.72,423.08,420.00,237.70,351.63,28.44,24.48,70.51,0.56,0.64,-11.90,269.81,13013.00
5-Oct-2025,08:34,6.00,5.94,9.67,346.47,426.47,420.00,237.70,351.57,28.44,24.48,71.08,0.56,0.64,-12.60,271.97,13013.00
5-Oct-2025,08:35,6.00,5.94,9.67,341.99,420.95,420.00,237.70,353.72,28.44,24.48,70.16,0.56,0.64,-11.45,268.45,13013.00
5-Oct-2025,08:36,6.00,5.94,9.67,343.41,422.70,420.00,237.70,350.73,28.44,24.48,70.45,0.56,0.64,-11.82,269.57,13013.00
5-Oct-2025,08:37,6.00,5.94,9.67,343.63,422.97,420.00,237.70,352.53,28.44,24.34,70.50,0.56,0.62,-9.62,262.99,13013.00
5-Oct-2025,08:38,6.00,5.94,9.67,346.44,426.43,420.00,237.70,351.63,28.44,24.34,71.07,0.56,0.62,-10.35,265.14,13013.00
5-Oct-2025,08:39,6.00,5.94,9.67,346.10,426.01,420.00,237.70,354.14,28.44,24.24,71.00,0.56,0.62,-10.26,264.88,13013.00
5-Oct-2025,08:40,6.00,5.94,9.78,347.18,440.10,435.00,237.70,353.56,28.44,24.24,73.35,0.54,0.62,-12.96,273.10,13013.00
5-Oct-2025,08:41,6.00,5.94,9.78,344.77,437.04,435.00,237.70,349.41,28.44,24.24,72.84,0.54,0.62,-12.35,271.20,13013.00
5-Oct-2025,08:42,6.00,5.94,9.78,346.44,439.16,435.00,237.70,352.11,28.44,24.24,73.19,0.54,0.62,-12.77,272.52,13013.00
5-Oct-2025,08:43,6.00,6.06,9.78,342.70,421.82,420.00,237.70,351.12,28.56,24.24,70.30,0.56,0.62,-9.37,262.28,13013.00
5-Oct-2025,08:44,6.00,6.06,9.78,343.35,422.62,420.00,237.70,353.69,28.56,24.24,70.44,0.56,0.62,-9.54,262.77,13013.00
5-Oct-2025,08:45,6.00,6.06,9.78,344.43,423.96,420.00,237.70,352.05,28.56,24.40,70.66,0.56,0.62,-9.83,263.61,13013.00
5-Oct-2025,08:46,6.00,6.06,9.78,345.73,425.55,420.00,237.70,349.35,28.56,24.40,70.93,0.56,0.62,-10.16,264.60,13013.00
5-Oct-2025,08:47,6.00,6.06,9.89,343.13,434.96,435.00,237.70,352.11,28.56,24.40,72.49,0.55,0.62,-11.93,269.91,13013.00
5-Oct-2025,08:48,6.00,6.06,9.89,345.82,438.37,435.00,237.70,350.89,28.56,24.40,73.06,0.54,0.62,-12.62,272.03,13013.00
5-Oct-2025,08:49,6.00,6.06,9.89,347.89,441.00,435.00,237.70,349.57,28.56,24.40,73.50,0.54,0.62,-13.14,273.66,13013.00
5-Oct-2025,08:50,6.00,6.06,9.89,343.63,435.59,435.00,237.70,348.51,28.56,24.50,72.60,0.55,0.64,-14.23,277.13,13013.00
5-Oct-2025,08:51,6.00,6.06,9.89,347.15,440.06,435.00,237.70,350.25,28.56,24.50,73.34,0.54,0.64,-15.10,279.97,13014.00
5-Oct-2025,08:52,6.00,6.06,9.89,343.72,435.71,435.00,237.70,352.63,28.67,24.50,72.62,0.55,0.64,-14.25,277.20,13014.00
5-Oct-2025,08:53,6.00,6.06,9.89,345.08,437.43,435.00,237.70,352.98,28.67,24.50,72.91,0.54,0.64,-14.59,278.30,13014.00
5-Oct-2025,08:54,6.00,6.06,9.89,349.53,443.08,450.00,237.70,351.86,28.67,24.66,73.85,0.54,0.63,-15.47,281.22,13014.00
5-Oct-2025,08:55,6.00,6.06,9.89,345.70,438.22,435.00,237.70,353.11,28.67,24.66,73.04,0.54,0.64,-14.74,278.80,13014.00
5-Oct-2025,08:56,6.00,5.94,9.89,349.04,455.28,450.00,237.70,351.05,28.67,24.66,75.88,0.52,0.63,-17.74,288.97,13014.00
5-Oct-2025,08:57,6.00,5.94,9.89,344.03,448.74,450.00,237.70,351.99,28.67,24.66,74.79,0.53,0.63,-16.54,284.82,13014.00
5-Oct-2025,08:58,6.00,5.94,9.89,348.54,454.63,450.00,237.70,354.05,28.67,24.66,75.77,0.52,0.63,-17.62,288.55,13014.00
5-Oct-2025,08:59,6.00,5.94,9.89,345.70,450.92,450.00,237.70,349.70,28.67,24.66,75.15,0.53,0.63,-16.94,286.20,13014.00
5-Oct-2025,09:00,6.00,5.94,9.89,344.06,448.78,450.00,237.70,354.69,28.56,24.66,74.80,0.53,0.63,-16.55,284.84,13014.00
5-Oct-2025,09:01,6.00,5.94,9.89,346.72,452.25,450.00,237.70,351.02,28.56,24.66,75.38,0.53,0.63,-17.19,287.04,13014.00
5-Oct-2025,09:02,6.00,5.94,9.89,340.94,444.71,450.00,237.70,348.57,28.56,24.66,74.12,0.53,0.63,-15.78,282.26,13014.00
5-Oct-2025,09:03,6.00,5.94,9.89,343.41,447.94,450.00,237.70,350.96,28.44,24.66,74.66,0.53,0.63,-16.39,284.31,13014.00
5-Oct-2025,09:04,6.00,5.94,9.89,344.43,449.27,450.00,237.70,348.61,28.44,24.56,74.88,0.53,0.63,-16.64,285.15,13014.00
5-Oct-2025,09:05,6.00,5.94,9.78,343.13,434.96,435.00,237.70,350.05,28.44,24.56,72.49,0.55,0.64,-14.10,276.73,13014.00
5-Oct-2025,09:06,6.00,5.94,9.78,343.25,435.12,435.00,237.70,352.85,28.44,24.56,72.52,0.55,0.64,-14.13,276.83,13014.00
5-Oct-2025,09:07,6.00,5.94,9.78,342.70,434.42,435.00,237.70,350.25,28.44,24.56,72.40,0.55,0.64,-13.99,276.38,13014.00
5-Oct-2025,09:08,6.00,5.94,9.78,344.61,436.85,435.00,237.70,351.60,28.33,24.56,72.81,0.54,0.64,-14.47,277.93,13014.00
5-Oct-2025,09:09,6.00,5.94,9.78,344.55,436.77,435.00,237.70,352.53,28.33,24.56,72.80,0.54,0.64,-14.46,277.88,13014.00
5-Oct-2025,09:10,6.00,5.94,9.78,341.68,433.12,435.00,237.70,351.99,28.33,24.39,72.19,0.55,0.62,-11.56,268.77,13014.00
5-Oct-2025,09:11,6.00,6.06,9.89,344.43,436.61,435.00,237.70,351.28,28.33,24.39,72.77,0.54,0.62,-12.26,270.93,13014.00
5-Oct-2025,09:12,6.00,6.06,9.89,344.83,437.12,435.00,237.70,351.08,28.33,24.39,72.85,0.54,0.62,-12.37,271.25,13014.00
5-Oct-2025,09:13,6.00,6.06,9.89,345.45,437.90,435.00,237.70,352.24,28.44,24.39,72.98,0.54,0.62,-12.52,271.73,13014.00
5-Oct-2025,09:14,6.00,6.06,9.89,344.18,436.30,435.00,237.70,348.19,28.44,24.26,72.72,0.54,0.62,-12.20,270.74,13014.00
5-Oct-2025,09:15,6.00,6.06,9.89,346.28,438.96,435.00,237.70,350.28,28.44,24.26,73.16,0.54,0.62,-12.73,272.39,13014.00
5-Oct-2025,09:16,6.00,6.06,9.89,345.54,438.02,435.00,237.70,350.76,28.44,24.26,73.00,0.54,0.62,-12.55,271.81,13014.00
5-Oct-2025,09:17,6.00,6.06,9.89,349.47,443.00,450.00,237.70,352.34,28.56,24.26,73.83,0.54,0.62,-13.36,274.35,13014.00
5-Oct-2025,09:18,6.00,6.06,9.89,342.33,433.95,435.00,237.70,350.34,28.56,24.38,72.33,0.55,0.62,-11.73,269.28,13014.00
5-Oct-2025,09:19,6.00,6.06,9.89,344.61,436.85,435.00,237.70,351.53,28.56,24.38,72.81,0.54,0.62,-12.31,271.08,13014.00
5-Oct-2025,09:20,6.00,6.06,9.89,344.58,436.81,435.00,237.70,351.31,28.56,24.38,72.80,0.54,0.62,-12.30,271.06,13014.00
5-Oct-2025,09:21,6.00,6.06,9.89,347.24,440.18,435.00,237.70,352.56,28.56,24.38,73.36,0.54,0.62,-12.98,273.15,13014.00
5-Oct-2025,09:22,6.00,6.06,9.78,340.69,419.35,420.00,237.70,351.24,28.56,24.38,69.89,0.57,0.62,-8.84,260.74,13014.00
5-Oct-2025,09:23,6.00,6.06,9.78,345.98,425.86,420.00,237.70,352.76,28.56,24.38,70.98,0.56,0.62,-10.23,264.79,13014.00
5-Oct-2025,09:24,6.00,6.06,9.78,346.41,426.39,420.00,237.70,347.41,28.56,24.28,71.07,0.56,0.62,-10.34,265.12,13014.00
5-Oct-2025,09:25,6.00,6.06,9.78,344.21,423.69,420.00,237.70,352.31,28.56,24.28,70.62,0.56,0.62,-9.77,263.44,13014.00
5-Oct-2025,09:26,6.00,6.06,9.78,347.74,428.03,435.00,237.70,353.24,28.56,24.45,71.34,0.56,0.62,-10.51,265.61,13014.00
5-Oct-2025,09:27,6.00,6.06,9.78,343.81,423.19,420.00,237.70,351.66,28.56,24.45,70.53,0.56,0.62,-9.66,263.13,13014.00
5-Oct-2025,09:28,6.00,6.06,9.78,345.11,424.79,420.00,237.70,350.28,28.56,24.59,70.80,0.56,0.64,-12.25,270.90,13014.00
5-Oct-2025,09:29,6.00,6.06,9.78,346.56,426.58,420.00,237.70,353.43,28.56,24.59,71.10,0.56,0.64,-12.62,272.04,13014.00
5-Oct-2025,09:30,6.00,6.06,9.78,341.43,420.26,420.00,237.70,353.05,28.56,24.59,70.04,0.57,0.64,-11.31,268.01,13014.00
5-Oct-2025,09:31,6.00,6.06,9.78,340.60,419.24,420.00,237.70,350.76,28.56,24.59,69.87,0.57,0.64,-11.09,267.36,13014.00
5-Oct-2025,09:32,6.00,6.06,9.78,341.52,420.38,420.00,237.70,352.79,28.56,24.48,70.06,0.57,0.64,-11.33,268.09,13014.00
5-Oct-2025,09:33,6.00,6.06,9.78,342.82,421.98,420.00,237.70,351.50,28.67,24.48,70.33,0.56,0.64,-11.67,269.11,13014.00
5-Oct-2025,09:34,6.00,6.06,9.78,345.48,425.25,420.00,237.70,352.11,28.67,24.48,70.88,0.56,0.64,-12.35,271.19,13014.00
5-Oct-2025,09:35,6.00,6.06,9.78,342.67,421.79,420.00,237.70,350.50,28.67,24.66,70.30,0.56,0.64,-11.63,268.99,13014.00
5-Oct-2025,09:36,6.00,6.06,9.78,343.81,423.19,420.00,237.70,351.47,28.67,24.66,70.53,0.56,0.64,-11.92,269.88,13014.00
5-Oct-2025,09:37,6.00,6.06,9.78,341.24,420.04,420.00,237.70,352.73,28.67,24.66,70.01,0.57,0.64,-11.26,267.87,13014.00
5-Oct-2025,09:38,6.00,6.06,9.78,341.71,420.61,420.00,237.70,350.44,28.67,24.66,70.10,0.57,0.64,-11.38,268.23,13014.00
5-Oct-2025,09:39,6.00,6.06,9.78,347.40,427.61,435.00,237.70,351.95,28.67,24.66,71.27,0.56,0.64,-12.63,272.05,13014.00
5-Oct-2025,09:40,6.00,6.06,9.78,344.86,424.49,420.00,237.70,351.37,28.67,24.66,70.75,0.56,0.64,-12.19,270.71,13014.00
5-Oct-2025,09:41,6.00,6.06,9.78,346.16,426.09,420.00,237.70,351.76,28.67,24.66,71.02,0.56,0.64,-12.52,271.73,13014.00
5-Oct-2025,09:42,6.00,6.06,9.78,344.06,423.50,420.00,237.70,352.89,28.67,24.66,70.58,0.56,0.64,-11.99,270.08,13014.00
5-Oct-2025,09:43,6.00,6.06,9.78,344.61,424.18,420.00,237.70,352.92,28.67,24.51,70.70,0.56,0.64,-12.13,270.51,13014.00
5-Oct-2025,09:44,6.00,6.06,9.78,343.59,422.93,420.00,237.70,352.37,28.67,24.51,70.49,0.56,0.64,-11.87,269.71,13014.00
5-Oct-2025,09:45,6.00,6.06,9.78,343.13,422.36,420.00,237.70,353.92,28.78,24.51,70.39,0.56,0.64,-11.75,269.35,13014.00
5-Oct-2025,09:46,6.00,6.06,9.78,345.05,424.72,420.00,237.70,351.12,28.78,24.51,70.79,0.56,0.64,-12.24,270.85,13014.00
5-Oct-2025,09:47,6.00,6.06,9.78,347.09,427.23,420.00,237.70,352.24,28.78,24.73,71.21,0.56,0.64,-12.75,272.46,13014.00
5-Oct-2025,09:48,6.00,6.06,9.78,345.26,424.98,420.00,237.70,348.19,28.78,24.73,70.83,0.56,0.64,-12.29,271.02,13014.00
5-Oct-2025,09:49,6.00,6.06,9.78,345.20,424.91,420.00,237.70,351.12,28.78,24.73,70.82,0.56,0.64,-12.28,270.98,13014.00
5-Oct-2025,09:50,6.00,6.06,9.78,344.71,424.30,420.00,237.70,352.11,28.89,24.73,70.72,0.56,0.64,-12.15,270.59,13014.00
5-Oct-2025,09:51,6.00,6.06,9.78,343.44,422.74,420.00,237.70,353.08,28.89,24.73,70.46,0.56,0.64,-11.83,269.59,13014.00
5-Oct-2025,09:52,6.00,6.06,9.78,346.56,426.58,420.00,237.70,349.18,28.89,24.73,71.10,0.56,0.64,-12.62,272.04,13015.00
5-Oct-2025,09:53,6.00,6.06,9.78,347.34,427.53,435.00,237.70,351.08,29.00,24.92,71.26,0.56,0.64,-12.61,272.00,13015.00
5-Oct-2025,09:54,6.00,6.06,9.78,342.70,421.82,420.00,237.70,352.34,29.00,24.92,70.30,0.56,0.64,-11.64,269.01,13015.00
5-Oct-2025,09:55,6.00,6.06,9.78,347.61,427.88,435.00,237.70,353.95,29.00,25.06,71.31,0.56,0.65,-14.73,278.75,13015.00
5-Oct-2025,09:56,6.00,6.06,9.78,347.24,427.42,420.00,237.70,352.56,29.00,25.06,71.24,0.56,0.65,-14.78,278.92,13015.00
5-Oct-2025,09:57,6.00,6.06,9.78,346.13,426.05,420.00,237.70,351.57,29.00,25.17,71.01,0.56,0.65,-14.50,278.03,13015.00
5-Oct-2025,09:58,6.00,6.06,9.78,344.80,424.41,420.00,237.70,349.92,29.00,25.17,70.74,0.56,0.65,-14.17,276.96,13015.00
5-Oct-2025,09:59,6.00,6.06,9.78,345.94,425.82,420.00,237.70,350.05,29.00,25.17,70.97,0.56,0.65,-14.46,277.88,13015.00
5-Oct-2025,10:00,6.00,6.06,9.78,344.40,423.92,420.00,237.70,350.02,29.00,25.06,70.65,0.56,0.65,-14.07,276.64,13015.00
5-Oct-2025,10:01,6.00,6.06,9.78,345.79,425.63,420.00,237.70,352.34,29.00,25.06,70.94,0.56,0.65,-14.42,277.76,13015.00
5-Oct-2025,10:02,6.00,6.06,9.78,345.54,425.33,420.00,237.70,352.66,29.00,25.06,70.89,0.56,0.65,-14.36,277.56,13015.00
5-Oct-2025,10:03,6.00,6.06,9.78,346.81,426.89,420.00,237.70,349.99,29.00,25.06,71.15,0.56,0.65,-14.67,278.58,13015.00
5-Oct-2025,10:04,6.00,6.06,9.78,341.34,420.15,420.00,237.70,351.79,29.00,25.06,70.03,0.57,0.65,-13.30,274.18,13015.00
5-Oct-2025,10:05,6.00,6.06,9.78,344.99,424.64,420.00,237.70,352.47,29.00,25.06,70.77,0.56,0.65,-14.22,277.11,13015.00
5-Oct-2025,10:06,6.00,6.06,9.78,348.08,428.45,435.00,237.70,352.27,29.00,25.06,71.41,0.55,0.65,-14.84,279.12,13015.00
5-Oct-2025,10:07,6.00,6.06,9.78,348.32,428.75,435.00,237.70,353.14,29.00,25.06,71.46,0.55,0.65,-14.90,279.32,13015.00
5-Oct-2025,10:08,6.00,6.06,9.78,345.42,425.17,420.00,237.70,351.18,29.00,25.06,70.86,0.56,0.65,-14.33,277.46,13015.00
5-Oct-2025,10:09,6.00,6.06,9.89,345.98,438.57,435.00,237.70,353.14,29.11,25.06,73.10,0.54,0.65,-16.80,285.72,13015.00
5-Oct-2025,10:10,6.00,6.06,9.89,342.51,434.18,435.00,237.70,349.25,29.11,25.06,72.36,0.55,0.65,-15.96,282.86,13015.00
5-Oct-2025,10:11,6.00,6.06,9.89,345.54,438.02,435.00,237.70,351.82,29.22,25.30,73.00,0.54,0.65,-16.70,285.36,13015.00
5-Oct-2025,10:12,6.00,6.06,9.89,344.58,436.81,435.00,237.70,354.43,29.33,25.54,72.80,0.54,0.65,-16.47,284.57,13015.00
5-Oct-2025,10:13,6.00,6.06,9.89,342.36,433.98,435.00,237.70,347.93,29.44,25.75,72.33,0.55,0.67,-17.80,289.17,13015.00
5-Oct-2025,10:14,6.00,6.06,9.89,344.92,437.24,435.00,237.70,350.38,29.44,25.75,72.87,0.54,0.67,-18.41,291.34,13015.00
5-Oct-2025,10:15,6.00,6.06,9.89,344.55,436.77,435.00,237.70,352.27,29.44,25.91,72.80,0.54,0.67,-18.32,291.03,13015.00
5-Oct-2025,10:16,6.00,6.06,9.89,345.63,438.14,435.00,237.70,351.57,29.44,25.91,73.02,0.54,0.67,-18.58,291.94,13015.00
5-Oct-2025,10:17,6.00,6.06,9.89,342.30,433.91,435.00,237.70,353.18,29.44,26.06,72.32,0.55,0.67,-17.79,289.13,13015.00
5-Oct-2025,10:18,6.00,6.06,9.89,348.70,442.02,435.00,237.70,355.53,29.56,26.06,73.67,0.54,0.67,-19.29,294.53,13015.00
5-Oct-2025,10:19,6.00,6.06,9.78,341.28,420.07,420.00,237.70,351.24,29.56,26.23,70.01,0.57,0.67,-15.94,282.79,13015.00
5-Oct-2025,10:20,6.00,6.06,9.78,346.81,426.89,420.00,237.70,353.63,29.56,26.39,71.15,0.56,0.67,-17.29,287.38,13015.00
5-Oct-2025,10:21,6.00,6.06,9.78,348.39,428.83,435.00,237.70,351.73,29.67,26.60,71.47,0.55,0.67,-17.73,288.92,13015.00
5-Oct-2025,10:22,6.00,6.06,9.78,344.86,424.49,420.00,237.70,351.70,29.67,26.77,70.75,0.56,0.67,-16.82,285.77,13015.00
5-Oct-2025,10:23,6.00,6.06,9.78,344.65,424.22,420.00,237.70,351.73,29.83,26.94,70.70,0.56,0.67,-16.77,285.58,13015.00
5-Oct-2025,10:24,6.00,6.06,9.78,344.34,423.84,420.00,237.70,353.82,29.83,26.94,70.64,0.56,0.67,-16.69,285.33,13015.00
5-Oct-2025,10:25,6.00,6.06,9.78,345.39,425.14,420.00,237.70,351.02,29.83,26.94,70.86,0.56,0.67,-16.95,286.20,13015.00
5-Oct-2025,10:26,6.00,6.06,9.89,345.11,437.47,435.00,237.70,351.76,29.83,26.75,72.91,0.54,0.67,-19.35,294.75,13015.00
5-Oct-2025,10:27,6.00,6.06,9.89,343.01,434.81,435.00,237.70,352.53,29.83,26.64,72.47,0.55,0.67,-18.86,292.95,13015.00
5-Oct-2025,10:28,6.00,6.06,9.89,347.86,440.96,435.00,237.70,353.92,29.83,26.50,73.49,0.54,0.67,-19.99,297.10,13015.00
5-Oct-2025,10:29,6.00,6.06,9.89,342.08,433.63,435.00,237.70,352.50,29.94,26.50,72.27,0.55,0.67,-18.64,292.16,13015.00
5-Oct-2025,10:30,6.00,6.06,9.89,347.12,440.02,435.00,237.70,352.98,30.06,26.50,73.34,0.54,0.67,-19.82,296.46,13015.00
5-Oct-2025,10:31,6.00,6.06,9.89,344.99,437.32,435.00,237.70,353.47,30.06,26.50,72.89,0.54,0.67,-19.33,294.64,13015.00
5-Oct-2025,10:32,6.00,6.06,9.89,349.13,442.57,450.00,237.70,349.22,30.06,26.63,73.76,0.54,0.67,-20.35,298.42,13015.00
5-Oct-2025,10:33,6.00,6.06,9.89,347.95,441.08,435.00,237.70,351.60,30.06,26.63,73.51,0.54,0.67,-20.01,297.18,13015.00
5-Oct-2025,10:34,6.00,6.06,9.89,344.61,436.85,435.00,237.70,353.88,30.17,26.60,72.81,0.54,0.67,-19.24,294.33,13015.00
5-Oct-2025,10:35,6.00,6.06,9.89,343.97,436.02,435.00,237.70,353.18,30.17,26.48,72.67,0.55,0.67,-19.08,293.77,13015.00
5-Oct-2025,10:36,6.00,6.06,9.89,340.81,432.02,435.00,237.70,349.47,30.17,26.48,72.00,0.55,0.67,-18.34,291.07,13015.00
5-Oct-2025,10:37,6.00,6.06,9.89,344.55,436.77,435.00,237.70,351.99,30.17,26.48,72.80,0.54,0.67,-19.22,294.27,13015.00
5-Oct-2025,10:38,6.00,6.06,9.89,346.13,438.77,435.00,237.70,352.69,30.17,26.48,73.13,0.54,0.67,-19.59,295.62,13015.00
5-Oct-2025,10:39,6.00,6.06,9.89,339.76,430.69,435.00,237.70,351.08,30.17,26.48,71.78,0.55,0.67,-18.08,290.18,13015.00
5-Oct-2025,10:40,6.00,6.06,9.89,343.53,435.47,435.00,237.70,356.01,30.17,26.36,72.58,0.55,0.67,-18.98,293.40,13015.00
5-Oct-2025,10:41,6.00,6.06,9.89,346.62,439.39,435.00,237.70,353.40,30.17,26.36,73.23,0.54,0.67,-19.71,296.04,13015.00
5-Oct-2025,10:42,6.00,6.06,9.89,342.33,433.95,435.00,237.70,351.57,30.17,26.56,72.33,0.55,0.67,-18.70,292.37,13015.00
5-Oct-2025,10:43,6.00,6.06,9.89,344.06,436.14,435.00,237.70,351.02,30.17,26.72,72.69,0.55,0.67,-19.11,293.85,13015.00
5-Oct-2025,10:44,6.00,6.06,9.89,342.64,434.34,435.00,237.70,351.28,30.28,26.93,72.39,0.55,0.67,-18.77,292.64,13015.00
5-Oct-2025,10:45,6.00,6.06,9.89,346.22,438.88,435.00,237.70,352.27,30.28,26.83,73.15,0.54,0.67,-19.61,295.70,13015.00
5-Oct-2025,10:46,6.00,6.06,9.89,347.61,440.65,435.00,237.70,349.96,30.28,26.83,73.44,0.54,0.67,-19.93,296.89,13015.00
5-Oct-2025,10:47,6.00,6.06,9.89,344.31,436.45,435.00,237.70,351.15,30.28,26.83,72.74,0.54,0.67,-19.16,294.06,13015.00
5-Oct-2025,10:48,6.00,6.06,9.89,343.97,436.02,435.00,237.70,351.24,30.28,26.83,72.67,0.55,0.67,-19.08,293.77,13015.00
5-Oct-2025,10:49,6.00,6.06,9.89,344.80,437.08,435.00,237.70,354.98,30.28,26.65,72.85,0.54,0.67,-19.28,294.48,13015.00
5-Oct-2025,10:50,6.00,6.06,9.89,345.45,437.90,435.00,237.70,353.50,30.28,26.65,72.98,0.54,0.67,-19.43,295.04,13015.00
5-Oct-2025,10:51,6.00,6.06,9.89,346.04,438.65,435.00,237.70,350.86,30.28,26.65,73.11,0.54,0.67,-19.57,295.54,13016.00
5-Oct-2025,10:52,6.00,6.06,9.89,344.71,436.96,435.00,237.70,353.02,30.28,26.65,72.83,0.54,0.67,-19.26,294.40,13016.00
5-Oct-2025,10:53,6.00,6.06,9.89,343.01,434.81,435.00,237.70,351.37,30.28,26.46,72.47,0.55,0.67,-18.86,292.95,13016.00
5-Oct-2025,10:54,6.00,6.06,9.89,344.95,437.28,435.00,237.70,352.40,30.28,26.33,72.88,0.54,0.67,-19.32,294.62,13016.00
5-Oct-2025,10:55,6.00,6.06,9.89,342.57,434.26,435.00,237.70,351.79,30.28,26.45,72.38,0.55,0.67,-18.76,292.58,13016.00
5-Oct-2025,10:56,6.00,6.06,9.89,345.85,438.41,435.00,237.70,356.01,30.28,26.45,73.07,0.54,0.67,-19.53,295.38,13016.00
5-Oct-2025,10:57,6.00,6.06,9.89,341.92,433.44,435.00,237.70,351.70,30.28,26.45,72.24,0.55,0.67,-18.60,292.03,13016.00
5-Oct-2025,10:58,6.00,6.06,9.89,342.14,433.71,435.00,237.70,353.18,30.28,26.45,72.29,0.55,0.67,-18.65,292.21,13016.00
5-Oct-2025,10:59,6.00,6.06,9.89,345.26,437.67,435.00,237.70,350.70,30.28,26.45,72.95,0.54,0.67,-19.39,294.88,13016.00
5-Oct-2025,11:00,6.00,6.06,9.89,346.28,438.96,435.00,237.70,353.82,30.17,26.56,73.16,0.54,0.67,-19.63,295.75,13016.00
5-Oct-2025,11:01,6.00,6.06,9.89,344.77,437.04,435.00,237.70,351.08,30.28,26.68,72.84,0.54,0.67,-19.27,294.46,13016.00
5-Oct-2025,11:02,6.00,6.06,9.89,348.39,441.63,435.00,237.70,352.50,30.28,26.68,73.61,0.54,0.67,-20.11,297.55,13016.00
5-Oct-2025,11:03,6.00,6.06,9.89,343.97,436.02,435.00,237.70,354.98,30.28,26.68,72.67,0.55,0.67,-19.08,293.77,13016.00
5-Oct-2025,11:04,6.00,6.06,9.89,342.42,434.06,435.00,237.70,352.73,30.28,26.68,72.34,0.55,0.67,-18.72,292.45,13016.00
5-Oct-2025,11:05,6.00,6.06,9.89,342.08,433.63,435.00,237.70,352.15,30.28,26.47,72.27,0.55,0.67,-18.64,292.16,13016.00
5-Oct-2025,11:06,6.00,6.06,9.89,346.28,438.96,435.00,237.70,350.47,30.17,26.36,73.16,0.54,0.67,-19.63,295.75,13016.00
5-Oct-2025,11:07,6.00,6.06,9.89,340.72,431.91,435.00,237.70,351.12,30.17,26.36,71.99,0.55,0.67,-18.31,291.00,13016.00
5-Oct-2025,11:08,6.00,6.06,9.89,342.02,433.55,435.00,237.70,350.67,30.17,26.23,72.26,0.55,0.67,-18.62,292.10,13016.00
5-Oct-2025,11:09,6.00,6.06,9.89,345.11,437.47,435.00,237.70,352.92,30.17,26.23,72.91,0.54,0.67,-19.35,294.75,13016.00
5-Oct-2025,11:10,6.00,6.06,9.89,346.07,438.69,435.00,237.70,351.70,30.17,26.23,73.12,0.54,0.67,-19.58,295.57,13016.00
5-Oct-2025,11:11,6.00,6.06,9.89,348.26,441.47,435.00,237.70,353.37,30.06,26.23,73.58,0.54,0.67,-20.08,297.44,13016.00
5-Oct-2025,11:12,6.00,6.06,9.89,348.54,441.82,435.00,237.70,350.57,30.06,26.23,73.64,0.54,0.67,-20.15,297.68,13016.00
5-Oct-2025,11:13,6.00,6.06,9.89,347.09,439.98,435.00,237.70,353.59,30.06,26.34,73.33,0.54,0.67,-19.81,296.44,13016.00
5-Oct-2025,11:14,6.00,6.06,9.89,348.02,441.16,435.00,237.70,350.12,30.06,26.34,73.53,0.54,0.67,-20.03,297.23,13016.00
5-Oct-2025,11:15,6.00,6.06,9.89,344.12,436.22,435.00,237.70,350.57,30.06,26.34,72.70,0.54,0.67,-19.12,293.90,13016.00
5-Oct-2025,11:16,6.00,6.06,9.89,345.88,438.45,435.00,237.70,352.66,30.06,26.34,73.08,0.54,0.67,-19.53,295.41,13016.00
5-Oct-2025,11:17,6.00,6.06,9.89,345.57,438.06,435.00,237.70,353.69,30.06,26.34,73.01,0.54,0.67,-19.46,295.14,13016.00
5-Oct-2025,11:18,6.00,6.06,9.89,343.78,435.79,435.00,237.70,349.41,30.06,26.34,72.63,0.55,0.67,-19.04,293.61,13016.00
5-Oct-2025,11:19,6.00,5.94,9.89,346.07,451.40,450.00,237.70,353.40,30.06,26.34,75.23,0.53,0.67,-21.91,304.38,13016.00
5-Oct-2025,11:20,6.00,5.94,9.89,342.48,446.73,450.00,237.70,351.18,30.06,26.34,74.46,0.53,0.67,-21.09,301.23,13016.00
5-Oct-2025,11:21,6.00,5.94,9.89,347.64,453.46,450.00,237.70,351.92,30.06,26.46,75.58,0.52,0.67,-22.26,305.77,13016.00
5-Oct-2025,11:22,6.00,6.06,9.89,345.76,438.30,435.00,237.70,351.44,30.06,26.46,73.05,0.54,0.67,-19.51,295.30,13016.00
5-Oct-2025,11:23,6.00,6.06,9.89,343.90,435.94,435.00,237.70,354.21,30.06,26.46,72.66,0.55,0.67,-19.07,293.71,13016.00
5-Oct-2025,11:24,6.00,6.06,10.00,342.88,447.25,450.00,237.70,353.85,30.06,26.46,74.54,0.53,0.67,-21.18,301.58,13016.00
5-Oct-2025,11:25,6.00,6.06,10.00,341.09,444.91,450.00,237.70,351.05,30.06,26.56,74.15,0.53,0.67,-20.77,300.00,13016.00
5-Oct-2025,11:26,6.00,6.06,10.00,344.43,449.27,450.00,237.70,352.44,30.06,26.56,74.88,0.53,0.67,-21.54,302.94,13016.00
5-Oct-2025,11:27,6.00,6.06,10.00,343.25,447.73,450.00,237.70,349.35,30.17,26.56,74.62,0.53,0.67,-21.27,301.90,13016.00
5-Oct-2025,11:28,6.00,6.06,10.00,342.26,446.44,450.00,237.70,353.30,30.17,26.71,74.41,0.53,0.67,-21.04,301.03,13016.00
5-Oct-2025,11:29,6.00,6.06,10.00,341.65,445.64,450.00,237.70,353.11,30.17,26.71,74.27,0.53,0.67,-20.90,300.50,13016.00
5-Oct-2025,11:30,6.00,6.06,10.00,345.36,450.48,450.00,237.70,349.12,30.17,26.71,75.08,0.53,0.67,-21.75,303.76,13016.00
5-Oct-2025,11:31,6.00,6.06,10.00,345.48,450.64,450.00,237.70,351.99,30.17,26.51,75.11,0.53,0.67,-21.77,303.87,13016.00
5-Oct-2025,11:32,6.00,6.06,10.00,341.83,445.88,450.00,237.70,351.60,30.28,26.51,74.31,0.53,0.67,-20.94,300.66,13016.00
5-Oct-2025,11:33,6.00,6.06,10.00,346.10,451.44,450.00,237.70,351.31,30.28,26.51,75.24,0.53,0.67,-21.91,304.41,13016.00
5-Oct-2025,11:34,6.00,6.06,10.00,350.21,456.81,450.00,237.70,350.28,30.28,26.51,76.14,0.52,0.67,-22.83,308.03,13016.00
5-Oct-2025,11:35,6.00,6.06,10.00,345.45,450.60,450.00,237.70,351.34,30.28,26.51,75.10,0.53,0.67,-21.77,303.84,13016.00
5-Oct-2025,11:36,6.00,6.06,10.00,343.63,448.22,450.00,237.70,352.18,30.28,26.51,74.70,0.53,0.67,-21.35,302.23,13016.00
5-Oct-2025,11:37,6.00,6.06,10.00,345.60,450.80,450.00,237.70,352.53,30.28,26.51,75.13,0.53,0.67,-21.80,303.97,13016.00
5-Oct-2025,11:38,6.00,6.06,10.00,342.48,446.73,450.00,237.70,350.86,30.28,26.51,74.46,0.53,0.67,-21.09,301.23,13016.00
5-Oct-2025,11:39,6.00,6.06,10.00,348.05,453.98,450.00,237.70,349.92,30.28,26.51,75.66,0.52,0.67,-22.35,306.12,13016.00
5-Oct-2025,11:40,6.00,6.06,10.00,343.78,448.42,450.00,237.70,346.67,30.17,26.33,74.74,0.53,0.67,-21.39,302.37,13016.00
5-Oct-2025,11:41,6.00,6.06,10.00,343.69,448.30,450.00,237.70,353.95,30.17,26.33,74.72,0.53,0.67,-21.37,302.29,13016.00
5-Oct-2025,11:42,6.00,6.06,10.00,343.29,447.77,450.00,237.70,351.41,30.17,26.21,74.63,0.53,0.67,-21.27,301.93,13016.00
5-Oct-2025,11:43,6.00,6.06,10.00,342.30,446.48,450.00,237.70,350.89,30.17,26.11,74.41,0.53,0.67,-20.10,297.50,13016.00
5-Oct-2025,11:44,6.00,6.06,10.00,344.95,449.95,450.00,237.70,353.50,30.17,26.11,74.99,0.53,0.67,-20.72,299.81,13016.00
5-Oct-2025,11:45,6.00,6.06,10.00,347.40,453.14,450.00,237.70,351.89,30.17,26.11,75.52,0.52,0.67,-21.27,301.94,13016.00
5-Oct-2025,11:46,6.00,6.06,10.00,341.28,445.15,450.00,237.70,350.41,30.17,26.11,74.19,0.53,0.67,-19.86,296.61,13016.00
5-Oct-2025,11:47,6.00,6.06,10.00,343.75,448.38,450.00,237.70,355.14,30.17,26.11,74.73,0.53,0.67,-20.44,298.77,13016.00
5-Oct-2025,11:48,6.00,6.06,10.00,350.30,456.93,450.00,237.70,353.05,30.17,26.11,76.16,0.52,0.67,-21.93,304.46,13016.00
5-Oct-2025,11:49,6.00,6.06,10.00,344.00,448.70,450.00,237.70,351.47,30.17,26.11,74.78,0.53,0.67,-20.50,298.98,13016.00
5-Oct-2025,11:50,6.00,6.06,10.00,345.60,450.80,450.00,237.70,354.53,30.17,26.11,75.13,0.53,0.67,-20.87,300.38,13016.00
5-Oct-2025,11:51,6.00,6.06,10.00,347.64,453.46,450.00,237.70,351.08,30.17,26.11,75.58,0.52,0.67,-21.33,302.15,13017.00
5-Oct-2025,11:52,6.00,6.06,10.00,345.36,450.48,450.00,237.70,350.25,30.17,26.11,75.08,0.53,0.67,-20.81,300.17,13017.00
5-Oct-2025,11:53,6.00,6.06,10.00,343.35,447.85,450.00,237.70,352.79,30.17,26.11,74.64,0.53,0.67,-20.34,298.41,13017.00
5-Oct-2025,11:54,6.00,6.06,10.00,346.01,451.32,450.00,237.70,353.85,30.17,26.11,75.22,0.53,0.67,-20.96,300.73,13017.00
5-Oct-2025,11:55,6.00,6.06,10.00,342.23,446.40,450.00,237.70,351.44,30.17,26.11,74.40,0.53,0.67,-20.09,297.45,13017.00
5-Oct-2025,11:56,6.00,6.06,10.00,349.50,455.88,450.00,237.70,352.44,30.17,26.11,75.98,0.52,0.67,-21.75,303.76,13017.00
5-Oct-2025,11:57,6.00,6.06,10.00,345.82,451.08,450.00,237.70,349.22,30.17,26.11,75.18,0.53,0.67,-20.91,300.57,13017.00
5-Oct-2025,11:58,6.00,6.06,10.00,346.93,452.53,450.00,237.70,349.76,30.17,26.11,75.42,0.53,0.67,-21.17,301.53,13017.00
5-Oct-2025,11:59,6.00,6.06,10.00,345.29,450.40,450.00,237.70,351.60,30.17,26.26,75.07,0.53,0.67,-21.73,303.70,13017.00
5-Oct-2025,12:00,6.00,6.06,10.00,345.67,450.88,450.00,237.70,353.56,30.17,26.26,75.15,0.53,0.67,-21.82,304.03,13017.00
5-Oct-2025,12:01,6.00,6.06,10.00,344.74,449.67,450.00,237.70,354.34,30.28,26.26,74.95,0.53,0.67,-21.60,303.21,13017.00
5-Oct-2025,12:02,6.00,6.06,10.00,346.69,452.21,450.00,237.70,353.18,30.28,26.39,75.37,0.53,0.67,-22.05,304.93,13017.00
5-Oct-2025,12:03,6.00,6.06,10.00,344.27,449.06,450.00,237.70,355.01,30.28,26.49,74.84,0.53,0.67,-21.50,302.80,13017.00
5-Oct-2025,12:04,6.00,6.06,10.00,344.21,448.98,450.00,237.70,349.51,30.39,26.61,74.83,0.53,0.67,-21.48,302.75,13017.00
5-Oct-2025,12:05,6.00,6.06,10.00,341.21,445.07,450.00,237.70,354.34,30.39,26.74,74.18,0.53,0.67,-20.79,300.11,13017.00
5-Oct-2025,12:06,6.00,6.06,10.00,342.57,446.85,450.00,237.70,353.72,30.39,26.85,74.48,0.53,0.67,-21.11,301.31,13017.00
5-Oct-2025,12:07,6.00,6.06,10.00,347.15,452.82,450.00,237.70,349.22,30.50,26.85,75.47,0.52,0.67,-22.15,305.34,13017.00
5-Oct-2025,12:08,6.00,6.06,10.00,347.74,453.58,450.00,237.70,350.50,30.50,26.85,75.60,0.52,0.67,-22.28,305.85,13017.00
5-Oct-2025,12:09,6.00,6.06,10.00,343.01,447.41,450.00,237.70,350.86,30.50,26.97,74.57,0.53,0.67,-21.21,301.69,13017.00
5-Oct-2025,12:10,6.00,6.06,10.00,342.17,446.32,450.00,237.70,354.62,30.50,26.97,74.39,0.53,0.67,-21.02,300.95,13017.00
5-Oct-2025,12:11,6.00,6.06,10.00,344.77,449.71,450.00,237.70,351.99,30.50,26.97,74.95,0.53,0.67,-21.61,303.24,13017.00
5-Oct-2025,12:12,6.00,6.06,10.00,346.75,452.29,450.00,237.70,351.76,30.50,26.97,75.38,0.53,0.67,-22.06,304.98,13017.00
5-Oct-2025,12:13,6.00,6.06,10.00,345.57,450.76,450.00,237.70,351.99,30.50,26.97,75.13,0.53,0.67,-21.79,303.95,13017.00
5-Oct-2025,12:14,6.00,6.06,10.00,344.92,449.91,450.00,237.70,349.86,30.61,26.97,74.99,0.53,0.67,-21.65,303.37,13017.00
5-Oct-2025,12:15,6.00,6.06,10.00,344.58,449.47,450.00,237.70,349.89,30.61,26.97,74.91,0.53,0.67,-21.57,303.08,13017.00
5-Oct-2025,12:16,6.00,6.06,10.00,345.05,450.07,450.00,237.70,353.56,30.61,26.97,75.01,0.53,0.67,-21.67,303.48,13017.00
5-Oct-2025,12:17,6.00,6.06,10.00,341.52,445.48,450.00,237.70,353.92,30.50,26.97,74.25,0.53,0.67,-20.87,300.39,13017.00
5-Oct-2025,12:18,6.00,6.06,10.00,352.31,459.55,465.00,237.70,351.73,30.61,26.97,76.59,0.52,0.67,-23.17,309.37,13017.00
5-Oct-2025,12:19,6.00,6.06,10.00,340.94,444.71,450.00,237.70,349.67,30.61,26.97,74.12,0.53,0.67,-20.73,299.87,13017.00
5-Oct-2025,12:20,6.00,6.06,10.00,345.88,451.16,450.00,237.70,353.69,30.61,26.97,75.19,0.53,0.67,-21.86,304.22,13017.00
5-Oct-2025,12:21,6.00,6.06,10.00,345.23,450.31,450.00,237.70,354.11,30.61,26.97,75.05,0.53,0.67,-21.72,303.64,13017.00
5-Oct-2025,12:22,6.00,6.06,10.00,344.12,448.86,450.00,237.70,352.27,30.61,26.86,74.81,0.53,0.67,-21.46,302.67,13017.00
5-Oct-2025,12:23,6.00,6.06,10.00,339.73,443.14,450.00,237.70,351.79,30.61,26.86,73.86,0.54,0.67,-20.45,298.81,13017.00
5-Oct-2025,12:24,6.00,6.06,10.00,341.40,445.31,450.00,237.70,351.70,30.61,26.86,74.22,0.53,0.67,-20.84,300.27,13017.00
5-Oct-2025,12:25,6.00,6.06,10.00,342.26,446.44,450.00,237.70,350.38,30.61,27.05,74.41,0.53,0.67,-21.04,301.03,13017.00
5-Oct-2025,12:26,6.00,6.06,10.00,342.91,447.29,450.00,237.70,351.18,30.61,27.05,74.55,0.53,0.67,-21.19,301.61,13017.00
5-Oct-2025,12:27,6.00,6.06,10.00,347.43,453.18,450.00,237.70,352.18,30.61,27.05,75.53,0.52,0.67,-22.21,305.58,13017.00
5-Oct-2025,12:28,6.00,6.06,10.00,347.46,453.22,450.00,237.70,352.85,30.72,27.05,75.54,0.52,0.67,-22.22,305.61,13017.00
5-Oct-2025,12:29,6.00,6.06,10.00,347.46,453.22,450.00,237.70,349.73,30.72,27.30,75.54,0.52,0.67,-22.22,305.61,13017.00
5-Oct-2025,12:30,6.00,6.06,10.00,341.86,445.92,450.00,237.70,352.82,30.72,27.44,74.32,0.53,0.67,-20.95,300.68,13017.00
5-Oct-2025,12:31,6.00,6.06,10.00,342.23,446.40,450.00,237.70,350.57,30.83,27.61,74.40,0.53,0.67,-21.03,301.01,13017.00
5-Oct-2025,12:32,6.00,6.06,10.00,344.00,448.70,450.00,237.70,350.21,30.83,27.75,74.78,0.53,0.67,-21.44,302.56,13017.00
5-Oct-2025,12:33,6.00,6.06,10.00,345.73,450.96,450.00,237.70,350.28,30.83,27.75,75.16,0.53,0.67,-21.83,304.08,13017.00
5-Oct-2025,12:34,6.00,6.06,10.00,344.12,448.86,450.00,237.70,353.08,30.83,27.75,74.81,0.53,0.67,-21.46,302.67,13017.00
5-Oct-2025,12:35,6.00,6.06,10.00,347.18,452.86,450.00,237.70,352.44,30.83,27.64,75.48,0.52,0.67,-22.16,305.36,13017.00
5-Oct-2025,12:36,6.00,6.06,10.00,348.57,454.67,450.00,237.70,352.69,30.83,27.80,75.78,0.52,0.67,-22.47,306.58,13017.00
5-Oct-2025,12:37,6.00,6.06,10.00,345.42,450.56,450.00,237.70,350.54,30.83,27.80,75.09,0.53,0.67,-21.76,303.81,13017.00
5-Oct-2025,12:38,6.00,6.06,10.00,342.85,447.21,450.00,237.70,349.60,30.83,27.80,74.54,0.53,0.67,-21.17,301.55,13017.00
5-Oct-2025,12:39,6.00,6.06,10.00,343.93,448.62,450.00,237.70,351.24,30.83,27.80,74.77,0.53,0.67,-21.42,302.50,13017.00
5-Oct-2025,12:40,6.00,6.06,10.00,345.82,451.08,450.00,237.70,350.79,30.83,27.70,75.18,0.53,0.67,-21.85,304.16,13017.00
5-Oct-2025,12:41,6.00,6.06,10.00,345.70,450.92,450.00,237.70,353.27,30.83,27.70,75.15,0.53,0.67,-21.82,304.06,13017.00
5-Oct-2025,12:42,6.00,6.06,10.00,345.82,451.08,450.00,237.70,351.21,30.83,27.70,75.18,0.53,0.67,-21.85,304.16,13017.00
5-Oct-2025,12:43,6.00,6.06,10.00,347.06,452.69,450.00,237.70,349.31,30.83,27.81,75.45,0.53,0.67,-22.13,305.25,13017.00
5-Oct-2025,12:44,6.00,6.06,10.00,346.53,452.01,450.00,237.70,348.93,30.83,27.99,75.34,0.53,0.67,-22.01,304.79,13017.00
5-Oct-2025,12:45,6.00,6.06,10.00,343.72,448.34,450.00,237.70,351.05,30.83,27.99,74.72,0.53,0.67,-21.37,302.32,13017.00
5-Oct-2025,12:46,6.00,6.06,10.00,339.88,443.34,450.00,237.70,350.60,30.83,27.99,73.89,0.54,0.67,-20.49,298.94,13017.00
5-Oct-2025,12:47,6.00,6.06,10.00,343.53,448.10,450.00,237.70,349.99,30.83,27.99,74.68,0.53,0.67,-21.33,302.15,13017.00
5-Oct-2025,12:48,6.00,5.94,10.00,342.79,459.72,465.00,237.70,348.32,30.83,27.82,76.62,0.52,0.67,-23.19,309.48,13017.00
5-Oct-2025,12:49,6.00,5.94,10.00,341.21,457.61,465.00,237.70,352.79,30.83,27.61,76.27,0.52,0.67,-22.84,308.06,13017.00
5-Oct-2025,12:50,6.00,5.94,10.00,342.45,459.27,465.00,237.70,353.24,30.83,27.61,76.55,0.52,0.67,-23.12,309.18,13017.00
5-Oct-2025,12:51,6.00,5.94,10.00,345.20,462.96,465.00,237.70,351.02,30.83,27.61,77.16,0.51,0.67,-23.73,311.66,13018.00
5-Oct-2025,12:52,6.00,5.94,10.00,342.85,459.81,465.00,237.70,349.54,30.72,27.46,76.64,0.52,0.67,-23.21,309.54,13018.00
5-Oct-2025,12:53,6.00,5.94,10.00,345.57,463.46,465.00,237.70,350.25,30.72,27.46,77.24,0.51,0.67,-23.81,312.00,13018.00
5-Oct-2025,12:54,6.00,5.94,10.00,343.53,460.72,465.00,237.70,353.40,30.72,27.46,76.79,0.52,0.67,-23.36,310.16,13018.00
5-Oct-2025,12:55,6.00,5.94,10.00,342.60,459.48,465.00,237.70,352.15,30.72,27.64,76.58,0.52,0.67,-23.15,309.32,13018.00
5-Oct-2025,12:56,6.00,5.94,10.00,339.20,454.91,450.00,237.70,351.57,30.72,27.64,75.82,0.52,0.67,-22.51,306.75,13018.00
5-Oct-2025,12:57,6.00,5.94,10.00,344.49,462.00,465.00,237.70,352.11,30.72,27.64,77.00,0.51,0.67,-23.57,311.02,13018.00
5-Oct-2025,12:58,6.00,5.94,10.00,345.45,463.29,465.00,237.70,352.47,30.72,27.78,77.22,0.51,0.67,-23.79,311.89,13018.00
5-Oct-2025,12:59,6.00,5.94,10.00,349.01,468.06,465.00,237.70,352.15,30.72,27.78,78.01,0.51,0.67,-24.56,315.10,13018.00
5-Oct-2025,13:00,6.00,6.06,10.00,340.87,444.63,450.00,237.70,353.18,30.72,27.78,74.11,0.53,0.67,-20.72,299.81,13018.00
5-Oct-2025,13:01,6.00,6.06,10.00,345.02,450.03,450.00,237.70,352.05,30.72,27.78,75.01,0.53,0.67,-21.67,303.46,13018.00
5-Oct-2025,13:02,6.00,6.06,10.00,344.00,448.70,450.00,237.70,352.05,30.89,27.78,74.78,0.53,0.67,-21.44,302.56,13018.00
5-Oct-2025,13:03,6.00,6.06,10.00,342.73,447.05,450.00,237.70,351.89,30.89,27.78,74.51,0.53,0.67,-21.15,301.45,13018.00
5-Oct-2025,13:04,6.00,6.06,10.00,344.00,448.70,450.00,237.70,348.25,30.89,27.78,74.78,0.53,0.67,-21.44,302.56,13018.00
5-Oct-2025,13:05,6.00,6.06,10.00,345.14,450.19,450.00,237.70,352.15,30.89,27.68,75.03,0.53,0.67,-21.70,303.56,13018.00
5-Oct-2025,13:06,6.00,6.06,10.00,341.99,446.08,450.00,237.70,351.05,30.89,27.80,74.35,0.53,0.67,-20.97,300.79,13018.00
5-Oct-2025,13:07,6.00,6.06,10.00,346.16,451.52,450.00,237.70,353.34,30.89,27.80,75.25,0.53,0.67,-21.93,304.46,13018.00
5-Oct-2025,13:08,6.00,6.06,10.00,342.17,446.32,450.00,237.70,351.86,30.89,27.80,74.39,0.53,0.67,-21.02,300.95,13018.00
5-Oct-2025,13:09,6.00,5.94,10.00,344.68,462.25,465.00,237.70,350.70,30.89,27.80,77.04,0.51,0.67,-23.61,311.19,13018.00
5-Oct-2025,13:10,6.00,5.94,10.00,348.14,466.90,465.00,237.70,349.38,30.89,27.80,77.82,0.51,0.67,-24.37,314.32,13018.00
5-Oct-2025,13:11,6.00,5.94,10.00,346.50,464.70,465.00,237.70,352.21,30.89,27.57,77.45,0.51,0.67,-24.02,312.84,13018.00
5-Oct-2025,13:12,6.00,5.94,10.00,346.38,464.53,465.00,237.70,352.73,30.89,27.57,77.42,0.51,0.67,-23.99,312.72,13018.00
5-Oct-2025,13:13,6.00,5.94,10.00,346.19,464.29,465.00,237.70,350.34,30.78,27.57,77.38,0.51,0.67,-23.95,312.56,13018.00
5-Oct-2025,13:14,6.00,5.94,10.00,346.93,465.28,465.00,237.70,350.21,30.78,27.57,77.55,0.51,0.67,-24.11,313.23,13018.00
5-Oct-2025,13:15,6.00,5.94,10.00,346.25,464.37,465.00,237.70,351.21,30.78,27.57,77.40,0.51,0.67,-23.96,312.61,13018.00
5-Oct-2025,13:16,6.00,5.94,10.00,344.83,462.46,465.00,237.70,350.89,30.78,27.57,77.08,0.51,0.67,-23.65,311.33,13018.00
5-Oct-2025,13:17,6.00,5.94,10.00,343.56,460.76,465.00,237.70,352.31,30.78,27.57,76.79,0.52,0.67,-23.37,310.18,13018.00
5-Oct-2025,13:18,6.00,5.94,10.00,344.27,461.71,465.00,237.70,350.12,30.78,27.57,76.95,0.51,0.67,-23.52,310.82,13018.00
5-Oct-2025,13:19,6.00,5.94,10.00,347.27,465.74,465.00,237.70,351.18,30.78,27.57,77.62,0.51,0.67,-24.19,313.54,13018.00
5-Oct-2025,13:20,6.00,5.94,10.00,344.21,461.63,465.00,237.70,353.27,30.78,27.75,76.94,0.51,0.67,-23.51,310.77,13018.00
5-Oct-2025,13:21,6.00,5.94,10.00,340.78,457.03,450.00,237.70,351.41,30.89,27.75,76.17,0.52,0.67,-22.87,308.18,13018.00
5-Oct-2025,13:22,6.00,5.94,10.00,346.66,464.91,465.00,237.70,348.57,30.89,27.90,77.49,0.51,0.67,-24.05,312.98,13018.00
5-Oct-2025,13:23,6.00,5.94,10.00,346.96,465.32,465.00,237.70,353.95,30.89,28.01,77.55,0.51,0.67,-24.12,313.25,13018.00
5-Oct-2025,13:24,6.00,5.94,10.00,342.54,459.39,465.00,237.70,350.70,30.89,27.73,76.57,0.52,0.67,-23.14,309.26,13018.00
5-Oct-2025,13:25,6.00,5.94,10.00,350.09,469.51,465.00,237.70,352.79,30.89,27.51,78.25,0.51,0.67,-24.79,316.07,13018.00
5-Oct-2025,13:26,6.00,5.94,10.00,343.78,461.05,465.00,237.70,352.08,30.78,27.51,76.84,0.52,0.67,-23.41,310.38,13018.00
5-Oct-2025,13:27,6.00,5.94,10.00,343.84,461.13,465.00,237.70,351.37,30.78,27.51,76.86,0.52,0.67,-23.43,310.43,13018.00
5-Oct-2025,13:28,6.00,5.94,10.00,345.76,463.70,465.00,237.70,347.74,30.78,27.51,77.28,0.51,0.67,-23.85,312.16,13018.00
5-Oct-2025,13:29,6.00,5.94,10.00,342.91,459.89,465.00,237.70,351.99,30.78,27.32,76.65,0.52,0.67,-23.22,309.60,13018.00
5-Oct-2025,13:30,6.00,5.94,10.00,345.88,463.87,465.00,237.70,350.44,30.78,27.44,77.31,0.51,0.67,-23.88,312.28,13018.00
5-Oct-2025,13:31,6.00,5.94,10.00,344.12,461.51,465.00,237.70,350.57,30.78,27.32,76.92,0.52,0.67,-23.49,310.69,13018.00
5-Oct-2025,13:32,6.00,5.94,10.00,342.60,459.48,465.00,237.70,354.40,30.78,27.32,76.58,0.52,0.67,-23.15,309.32,13018.00
5-Oct-2025,13:33,6.00,5.94,10.00,344.65,462.21,465.00,237.70,350.12,30.78,27.43,77.04,0.51,0.67,-23.61,311.16,13018.00
5-Oct-2025,13:34,6.00,5.94,10.00,344.89,462.54,465.00,237.70,351.82,30.78,27.43,77.09,0.51,0.67,-23.66,311.38,13018.00
5-Oct-2025,13:35,6.00,5.94,10.00,346.56,464.78,465.00,237.70,351.21,30.78,27.43,77.46,0.51,0.67,-24.03,312.89,13018.00
5-Oct-2025,13:36,6.00,6.06,10.11,344.89,462.54,465.00,237.70,349.47,30.89,27.43,77.09,0.51,0.67,-23.66,311.38,13018.00
5-Oct-2025,13:37,6.00,6.06,10.11,345.02,462.71,465.00,237.70,350.96,30.89,27.43,77.12,0.51,0.67,-23.69,311.50,13018.00
5-Oct-2025,13:38,6.00,6.06,10.11,339.98,455.95,450.00,237.70,353.08,30.89,27.43,75.99,0.52,0.67,-22.68,307.45,13018.00
5-Oct-2025,13:39,6.00,6.06,10.00,343.47,448.02,450.00,237.70,351.15,30.89,27.43,74.67,0.53,0.67,-21.32,302.10,13018.00
5-Oct-2025,13:40,6.00,6.06,10.00,345.29,450.40,450.00,237.70,352.50,30.89,27.64,75.07,0.53,0.67,-21.73,303.70,13018.00
5-Oct-2025,13:41,6.00,6.06,10.00,341.89,445.96,450.00,237.70,349.47,31.00,27.75,74.33,0.53,0.67,-20.95,300.71,13018.00
5-Oct-2025,13:42,6.00,6.06,10.00,344.15,448.90,450.00,237.70,352.53,31.00,27.75,74.82,0.53,0.67,-21.47,302.69,13018.00
5-Oct-2025,13:43,6.00,6.06,10.00,343.22,447.69,450.00,237.70,350.41,30.89,27.75,74.62,0.53,0.67,-21.26,301.88,13018.00
5-Oct-2025,13:44,6.00,6.06,10.00,344.80,449.75,450.00,237.70,349.89,30.89,27.75,74.96,0.53,0.67,-21.62,303.27,13018.00
5-Oct-2025,13:45,6.00,6.06,10.00,347.15,452.82,450.00,237.70,350.50,30.89,27.55,75.47,0.52,0.67,-22.15,305.34,13018.00
5-Oct-2025,13:46,6.00,6.06,10.00,344.00,448.70,450.00,237.70,352.11,30.89,27.55,74.78,0.53,0.67,-21.44,302.56,13018.00
5-Oct-2025,13:47,6.00,6.06,10.11,344.18,461.59,465.00,237.70,351.57,30.89,27.55,76.93,0.51,0.67,-23.50,310.74,13018.00
5-Oct-2025,13:48,6.00,6.06,10.11,347.18,465.61,465.00,237.70,350.60,30.89,27.71,77.60,0.51,0.67,-24.17,313.45,13018.00
5-Oct-2025,13:49,6.00,6.06,10.11,344.31,461.76,465.00,237.70,351.31,30.89,27.71,76.96,0.51,0.67,-23.53,310.86,13018.00
5-Oct-2025,13:50,6.00,6.06,10.11,343.63,460.84,465.00,237.70,351.76,30.89,27.59,76.81,0.52,0.67,-23.38,310.24,13018.00
5-Oct-2025,13:51,6.00,6.06,10.11,345.57,463.46,465.00,237.70,352.66,30.89,27.59,77.24,0.51,0.67,-23.81,312.00,13019.00
5-Oct-2025,13:52,6.00,6.06,10.11,348.14,466.90,465.00,237.70,352.27,30.89,27.59,77.82,0.51,0.67,-24.37,314.32,13019.00
5-Oct-2025,13:53,6.00,5.94,10.11,347.61,478.97,480.00,237.70,351.57,30.89,27.69,79.83,0.50,0.67,-26.16,321.92,13019.00
5-Oct-2025,13:54,6.00,5.94,10.11,345.51,476.07,480.00,237.70,350.34,30.89,27.69,79.35,0.50,0.67,-25.71,319.97,13019.00
5-Oct-2025,13:55,6.00,5.94,10.00,343.66,460.89,465.00,237.70,350.34,30.89,27.69,76.82,0.52,0.67,-23.39,310.27,13019.00
5-Oct-2025,13:56,6.00,5.94,10.00,344.12,461.51,465.00,237.70,348.15,30.78,27.69,76.92,0.52,0.67,-23.49,310.69,13019.00
5-Oct-2025,13:57,6.00,5.94,10.00,342.42,459.23,465.00,237.70,353.43,30.78,27.69,76.54,0.52,0.67,-23.11,309.15,13019.00
5-Oct-2025,13:58,6.00,5.94,10.00,341.31,457.73,465.00,237.70,353.98,30.89,27.69,76.29,0.52,0.67,-22.86,308.14,13019.00
5-Oct-2025,13:59,6.00,5.94,10.00,349.62,468.89,465.00,237.70,352.11,30.89,27.69,78.15,0.51,0.67,-24.70,315.66,13019.00
5-Oct-2025,14:00,6.00,5.94,10.00,345.23,463.00,465.00,237.70,350.12,30.89,27.69,77.17,0.51,0.67,-23.74,311.69,13019.00
5-Oct-2025,14:01,6.00,6.06,10.00,342.64,446.93,450.00,237.70,350.05,31.00,27.92,74.49,0.53,0.67,-21.12,301.36,13019.00
5-Oct-2025,14:02,6.00,6.06,10.00,345.42,450.56,450.00,237.70,353.02,30.89,28.04,75.09,0.53,0.67,-21.76,303.81,13019.00
5-Oct-2025,14:03,6.00,6.06,10.11,345.88,463.87,465.00,237.70,351.18,30.89,28.04,77.31,0.51,0.67,-23.88,312.28,13019.00
5-Oct-2025,14:04,6.00,6.06,10.11,346.01,464.04,465.00,237.70,352.21,30.89,27.90,77.34,0.51,0.67,-23.91,312.39,13019.00
5-Oct-2025,14:05,6.00,6.06,10.11,344.24,461.67,465.00,237.70,352.95,30.89,27.90,76.95,0.51,0.67,-23.52,310.80,13019.00
5-Oct-2025,14:06,6.00,6.06,10.11,345.08,462.79,465.00,237.70,352.02,30.89,27.90,77.13,0.51,0.67,-23.70,311.55,13019.00
5-Oct-2025,14:07,6.00,6.06,10.11,348.45,467.31,465.00,237.70,351.15,30.89,27.90,77.89,0.51,0.67,-24.44,314.59,13019.00
5-Oct-2025,14:08,6.00,6.06,10.11,343.72,460.97,465.00,237.70,349.47,30.89,27.79,76.83,0.52,0.67,-23.40,310.33,13019.00
5-Oct-2025,14:09,6.00,6.06,10.11,347.68,466.28,465.00,237.70,352.18,30.89,27.79,77.71,0.51,0.67,-24.27,313.90,13019.00
5-Oct-2025,14:10,6.00,6.06,10.11,345.23,463.00,465.00,237.70,350.18,30.89,27.66,77.17,0.51,0.67,-23.74,311.69,13019.00
5-Oct-2025,14:11,6.00,5.94,10.00,340.10,456.12,450.00,237.70,354.17,30.89,27.66,76.02,0.52,0.67,-22.71,307.56,13019.00
5-Oct-2025,14:12,6.00,5.94,10.00,344.89,462.54,465.00,237.70,351.24,30.89,27.55,77.09,0.51,0.67,-23.66,311.38,13019.00
5-Oct-2025,14:13,6.00,5.94,10.00,345.88,463.87,465.00,237.70,351.60,30.78,27.45,77.31,0.51,0.67,-23.88,312.28,13019.00
5-Oct-2025,14:14,6.00,5.94,10.00,343.81,461.09,465.00,237.70,350.99,30.78,27.34,76.85,0.52,0.67,-23.42,310.41,13019.00
5-Oct-2025,14:15,6.00,5.94,10.00,344.09,461.47,465.00,237.70,350.15,30.78,27.34,76.91,0.52,0.67,-23.48,310.66,13019.00
5-Oct-2025,14:16,6.00,5.94,10.00,343.63,460.84,465.00,237.70,351.76,30.78,27.46,76.81,0.52,0.67,-23.38,310.24,13019.00
5-Oct-2025,14:17,6.00,5.94,10.00,345.88,463.87,465.00,237.70,349.44,30.78,27.46,77.31,0.51,0.67,-23.88,312.28,13019.00
5-Oct-2025,14:18,6.00,5.94,10.00,344.34,461.80,465.00,237.70,352.66,30.78,27.58,76.97,0.51,0.67,-23.54,310.88,13019.00
5-Oct-2025,14:19,6.00,5.94,10.00,344.34,461.80,465.00,237.70,350.34,30.78,27.58,76.97,0.51,0.67,-23.54,310.88,13019.00
5-Oct-2025,14:20,6.00,6.06,10.00,345.05,450.07,450.00,237.70,351.63,30.89,27.74,75.01,0.53,0.67,-21.67,303.48,13019.00
5-Oct-2025,14:21,6.00,6.06,10.00,343.90,448.58,450.00,237.70,352.73,30.89,27.61,74.76,0.53,0.67,-21.41,302.48,13019.00
5-Oct-2025,14:22,6.00,6.06,10.00,341.74,445.76,450.00,237.70,350.12,30.89,27.73,74.29,0.53,0.67,-20.92,300.58,13019.00
5-Oct-2025,14:23,6.00,6.06,10.00,347.12,452.77,450.00,237.70,351.86,30.78,27.73,75.46,0.52,0.67,-22.14,305.30,13019.00
5-Oct-2025,14:24,6.00,6.06,10.00,341.31,445.19,450.00,237.70,351.02,30.78,27.73,74.20,0.53,0.67,-20.82,300.19,13019.00
5-Oct-2025,14:25,6.00,6.06,10.00,348.67,454.79,450.00,237.70,349.83,30.78,27.54,75.80,0.52,0.67,-22.49,306.66,13019.00
5-Oct-2025,14:26,6.00,6.06,10.00,343.19,447.65,450.00,237.70,351.21,30.78,27.38,74.61,0.53,0.67,-21.25,301.85,13019.00
5-Oct-2025,14:27,6.00,6.06,10.11,347.74,466.36,465.00,237.70,350.31,30.78,27.50,77.73,0.51,0.67,-24.29,313.95,13019.00
5-Oct-2025,14:28,6.00,6.06,10.11,346.04,464.08,465.00,237.70,350.96,30.78,27.39,77.35,0.51,0.67,-23.92,312.42,13019.00
5-Oct-2025,14:29,6.00,6.06,10.11,342.73,459.64,465.00,237.70,353.05,30.78,27.50,76.61,0.52,0.67,-23.18,309.43,13019.00
5-Oct-2025,14:30,6.00,6.06,10.11,345.70,463.62,465.00,237.70,349.41,30.78,27.50,77.27,0.51,0.67,-23.84,312.11,13019.00
5-Oct-2025,14:31,6.00,6.06,10.11,345.11,462.83,465.00,237.70,350.92,30.89,27.50,77.14,0.51,0.67,-23.71,311.58,13019.00
5-Oct-2025,14:32,6.00,6.06,10.11,341.55,458.07,465.00,237.70,351.47,30.89,27.50,76.35,0.52,0.67,-22.92,308.37,13019.00
5-Oct-2025,14:33,6.00,6.06,10.11,349.44,468.64,465.00,237.70,352.02,30.89,27.50,78.11,0.51,0.67,-24.66,315.49,13019.00
5-Oct-2025,14:34,6.00,6.06,10.11,345.94,463.95,465.00,237.70,350.83,30.89,27.65,77.33,0.51,0.67,-23.89,312.33,13019.00
5-Oct-2025,14:35,6.00,6.06,10.11,343.04,460.06,465.00,237.70,350.57,30.89,27.65,76.68,0.52,0.67,-23.25,309.71,13019.00
5-Oct-2025,14:36,6.00,6.06,10.11,351.85,471.87,465.00,237.70,351.31,30.89,27.65,78.65,0.50,0.67,-25.17,317.66,13019.00
5-Oct-2025,14:37,6.00,6.06,10.11,343.29,460.39,465.00,237.70,351.44,30.89,27.65,76.73,0.52,0.67,-23.31,309.93,13019.00
5-Oct-2025,14:38,6.00,6.06,10.11,338.83,454.42,450.00,237.70,351.79,30.89,27.65,75.74,0.52,0.67,-22.42,306.42,13019.00
5-Oct-2025,14:39,6.00,6.06,10.11,346.90,465.24,465.00,237.70,351.05,30.89,27.52,77.54,0.51,0.67,-24.10,313.20,13019.00
5-Oct-2025,14:40,6.00,6.06,10.11,343.47,460.64,465.00,237.70,351.86,30.89,27.52,76.77,0.52,0.67,-23.35,310.10,13019.00
5-Oct-2025,14:41,6.00,6.06,10.11,343.56,460.76,465.00,237.70,352.05,30.89,27.52,76.79,0.52,0.67,-23.37,310.18,13019.00
5-Oct-2025,14:42,6.00,6.06,10.00,341.40,445.31,450.00,237.70,350.09,30.89,27.64,74.22,0.53,0.67,-20.84,300.27,13019.00
5-Oct-2025,14:43,6.00,6.06,10.00,343.93,448.62,450.00,237.70,350.38,30.89,27.52,74.77,0.53,0.67,-21.42,302.50,13019.00
5-Oct-2025,14:44,6.00,6.06,10.00,343.97,448.66,450.00,237.70,350.09,30.89,27.52,74.78,0.53,0.67,-21.43,302.53,13019.00
5-Oct-2025,14:45,6.00,6.06,10.00,342.76,447.09,450.00,237.70,353.02,30.89,27.52,74.52,0.53,0.67,-21.15,301.47,13019.00
5-Oct-2025,14:46,6.00,6.06,10.00,344.52,449.39,450.00,237.70,352.31,30.89,27.52,74.90,0.53,0.67,-21.56,303.02,13019.00
5-Oct-2025,14:47,6.00,6.06,10.00,344.74,449.67,450.00,237.70,352.60,30.89,27.52,74.95,0.53,0.67,-21.60,303.21,13019.00
5-Oct-2025,14:48,6.00,5.94,10.00,346.22,464.33,465.00,237.70,352.92,30.89,27.52,77.39,0.51,0.67,-23.96,312.59,13019.00
5-Oct-2025,14:49,6.00,5.94,10.00,344.71,462.29,465.00,237.70,351.15,30.89,27.52,77.05,0.51,0.67,-23.62,311.21,13019.00
5-Oct-2025,14:50,6.00,5.94,10.00,348.20,466.98,465.00,237.70,352.50,30.78,27.52,77.83,0.51,0.67,-24.39,314.37,13019.00
5-Oct-2025,14:51,6.00,5.94,10.00,347.52,466.07,465.00,237.70,351.47,30.78,27.52,77.68,0.51,0.67,-24.24,313.76,13020.00
5-Oct-2025,14:52,6.00,5.94,10.00,342.79,459.72,465.00,237.70,351.21,30.78,27.52,76.62,0.52,0.67,-23.19,309.48,13020.00
5-Oct-2025,14:53,6.00,5.94,10.00,344.95,462.63,465.00,237.70,349.44,30.67,27.42,77.11,0.51,0.67,-23.68,311.44,13020.00
5-Oct-2025,14:54,6.00,5.94,10.00,346.66,464.91,465.00,237.70,351.73,30.67,27.42,77.49,0.51,0.67,-24.05,312.98,13020.00
5-Oct-2025,14:55,6.00,5.94,10.00,342.33,459.10,465.00,237.70,351.60,30.67,27.42,76.52,0.52,0.67,-23.09,309.07,13020.00
5-Oct-2025,14:56,6.00,5.94,10.00,343.29,460.39,465.00,237.70,351.08,30.67,27.42,76.73,0.52,0.67,-23.31,309.93,13020.00
5-Oct-2025,14:57,6.00,5.94,10.00,349.72,469.01,465.00,237.70,351.15,30.67,27.42,78.17,0.51,0.67,-24.71,315.74,13020.00
5-Oct-2025,14:58,6.00,5.94,10.00,345.11,462.83,465.00,237.70,352.76,30.78,27.42,77.14,0.51,0.67,-23.71,311.58,13020.00
5-Oct-2025,14:59,6.00,5.94,10.00,345.36,463.17,465.00,237.70,352.21,30.67,27.42,77.20,0.51,0.67,-23.77,311.81,13020.00
5-Oct-2025,15:00,6.00,5.94,10.00,345.57,463.46,465.00,237.70,350.28,30.67,27.42,77.24,0.51,0.67,-23.81,312.00,13020.00
5-Oct-2025,15:01,6.00,5.94,10.00,347.43,465.94,465.00,237.70,351.63,30.67,27.42,77.66,0.51,0.67,-24.22,313.67,13020.00
5-Oct-2025,15:02,6.00,5.94,10.00,342.48,459.31,465.00,237.70,352.73,30.67,27.42,76.55,0.52,0.67,-23.12,309.21,13020.00
5-Oct-2025,15:03,6.00,5.94,10.00,347.58,466.15,465.00,237.70,350.67,30.67,27.42,77.69,0.51,0.67,-24.25,313.81,13020.00
5-Oct-2025,15:04,6.00,5.94,10.00,351.01,470.75,465.00,237.70,347.32,30.67,27.42,78.46,0.50,0.67,-24.99,316.91,13020.00
5-Oct-2025,15:05,6.00,5.94,10.00,341.62,458.15,465.00,237.70,349.28,30.67,27.42,76.36,0.52,0.67,-22.93,308.43,13020.00
5-Oct-2025,15:06,6.00,5.94,10.00,343.81,461.09,465.00,237.70,353.79,30.67,27.42,76.85,0.52,0.67,-23.42,310.41,13020.00
5-Oct-2025,15:07,6.00,5.94,10.00,342.08,458.77,465.00,237.70,351.70,30.67,27.52,76.46,0.52,0.67,-23.03,308.84,13020.00
5-Oct-2025,15:08,6.00,5.94,10.00,341.40,457.86,465.00,237.70,351.37,30.67,27.52,76.31,0.52,0.67,-22.88,308.23,13020.00
5-Oct-2025,15:09,6.00,5.94,10.00,341.46,457.94,465.00,237.70,351.47,30.67,27.66,76.32,0.52,0.67,-22.89,308.29,13020.00
5-Oct-2025,15:10,6.00,5.94,10.00,342.48,459.31,465.00,237.70,351.02,30.67,27.66,76.55,0.52,0.67,-23.12,309.21,13020.00
5-Oct-2025,15:11,6.00,5.94,10.00,345.67,463.58,465.00,237.70,350.79,30.67,27.66,77.26,0.51,0.67,-23.83,312.08,13020.00
5-Oct-2025,15:12,6.00,5.94,10.00,344.27,461.71,465.00,237.70,353.08,30.67,27.79,76.95,0.51,0.67,-23.52,310.82,13020.00
5-Oct-2025,15:13,6.00,5.94,10.00,344.37,461.84,465.00,237.70,351.47,30.78,27.68,76.97,0.51,0.67,-23.55,310.91,13020.00
5-Oct-2025,15:14,6.00,5.94,10.00,345.11,462.83,465.00,237.70,349.25,30.67,27.68,77.14,0.51,0.67,-23.71,311.58,13020.00
5-Oct-2025,15:15,6.00,5.94,10.00,343.25,460.35,465.00,237.70,351.95,30.67,27.68,76.73,0.52,0.67,-23.30,309.91,13020.00
5-Oct-2025,15:16,6.00,5.94,10.00,340.87,457.15,450.00,237.70,348.22,30.67,27.57,76.19,0.52,0.67,-22.89,308.26,13020.00
5-Oct-2025,15:17,6.00,5.94,10.00,342.88,459.85,465.00,237.70,349.96,30.67,27.57,76.64,0.52,0.67,-23.22,309.57,13020.00
5-Oct-2025,15:18,6.00,5.94,10.00,346.84,465.16,465.00,237.70,351.70,30.67,27.46,77.53,0.51,0.67,-24.09,313.15,13020.00
5-Oct-2025,15:19,6.00,5.94,10.00,347.34,465.82,465.00,237.70,349.76,30.67,27.46,77.64,0.51,0.67,-24.20,313.59,13020.00
5-Oct-2025,15:20,6.00,5.94,10.00,348.54,467.44,465.00,237.70,350.92,30.56,27.46,77.91,0.51,0.67,-24.46,314.68,13020.00
5-Oct-2025,15:21,6.00,5.94,10.00,348.73,467.69,465.00,237.70,352.21,30.56,27.46,77.95,0.51,0.67,-24.50,314.85,13020.00
5-Oct-2025,15:22,6.00,5.94,10.00,343.56,460.76,465.00,237.70,352.69,30.56,27.34,76.79,0.52,0.67,-23.37,310.18,13020.00
5-Oct-2025,15:23,6.00,5.94,10.00,343.44,460.59,465.00,237.70,353.47,30.56,27.34,76.77,0.52,0.67,-23.34,310.07,13020.00
5-Oct-2025,15:24,6.00,5.94,10.00,344.92,462.59,465.00,237.70,351.95,30.56,27.48,77.10,0.51,0.67,-23.67,311.42,13020.00
5-Oct-2025,15:25,6.00,5.94,10.00,345.02,462.71,465.00,237.70,354.17,30.56,27.48,77.12,0.51,0.67,-23.69,311.50,13020.00
5-Oct-2025,15:26,6.00,5.94,10.00,347.12,465.53,465.00,237.70,348.61,30.56,27.66,77.59,0.51,0.67,-24.15,313.39,13020.00
5-Oct-2025,15:27,6.00,5.94,10.00,345.36,463.17,465.00,237.70,350.15,30.56,27.66,77.20,0.51,0.67,-23.77,311.81,13020.00
5-Oct-2025,15:28,6.00,5.94,10.00,343.63,460.84,465.00,237.70,349.41,30.67,27.77,76.81,0.52,0.67,-23.38,310.24,13020.00
5-Oct-2025,15:29,6.00,5.94,10.00,344.99,462.67,465.00,237.70,350.89,30.67,27.77,77.11,0.51,0.67,-23.68,311.47,13020.00
5-Oct-2025,15:30,6.00,5.94,10.00,344.27,461.71,465.00,237.70,352.05,30.67,27.77,76.95,0.51,0.67,-23.52,310.82,13020.00
5-Oct-2025,15:31,6.00,5.94,10.00,347.46,465.99,465.00,237.70,352.73,30.67,27.92,77.67,0.51,0.67,-24.23,313.70,13020.00
5-Oct-2025,15:32,6.00,5.94,9.89,344.34,449.15,450.00,237.70,353.24,30.67,27.92,74.86,0.53,0.67,-21.51,302.86,13020.00
5-Oct-2025,15:33,6.00,5.94,9.89,344.34,449.15,450.00,237.70,351.73,30.67,27.92,74.86,0.53,0.67,-21.51,302.86,13020.00
5-Oct-2025,15:34,6.00,5.94,9.89,343.47,448.02,450.00,237.70,352.95,30.67,27.75,74.67,0.53,0.67,-21.32,302.10,13020.00
5-Oct-2025,15:35,6.00,5.94,9.89,343.69,448.30,450.00,237.70,351.60,30.67,27.75,74.72,0.53,0.67,-21.37,302.29,13020.00
5-Oct-2025,15:36,6.00,5.94,9.89,344.37,449.19,450.00,237.70,351.66,30.67,27.75,74.87,0.53,0.67,-21.52,302.89,13020.00
5-Oct-2025,15:37,6.00,5.94,9.89,345.57,450.76,450.00,237.70,353.11,30.67,27.75,75.13,0.53,0.67,-21.79,303.95,13020.00
5-Oct-2025,15:38,6.00,5.94,9.89,345.36,450.48,450.00,237.70,347.00,30.67,27.89,75.08,0.53,0.67,-21.75,303.76,13020.00
5-Oct-2025,15:39,6.00,5.94,9.89,343.53,448.10,450.00,237.70,354.11,30.67,27.89,74.68,0.53,0.67,-21.33,302.15,13020.00
5-Oct-2025,15:40,6.00,5.94,9.89,348.20,454.19,450.00,237.70,352.89,30.67,27.89,75.70,0.52,0.67,-22.39,306.26,13020.00
5-Oct-2025,15:41,6.00,5.94,9.89,348.29,454.31,450.00,237.70,352.02,30.78,27.89,75.72,0.52,0.67,-22.41,306.34,13020.00
5-Oct-2025,15:42,6.00,5.94,9.89,346.72,452.25,450.00,237.70,349.99,30.78,27.89,75.38,0.53,0.67,-22.05,304.95,13020.00
5-Oct-2025,15:43,6.00,5.94,9.89,341.92,446.00,450.00,237.70,352.98,30.78,27.89,74.33,0.53,0.67,-20.96,300.74,13020.00
5-Oct-2025,15:44,6.00,5.94,9.89,343.13,447.57,450.00,237.70,350.67,30.78,27.89,74.60,0.53,0.67,-21.24,301.80,13020.00
5-Oct-2025,15:45,6.00,5.94,9.89,344.65,449.55,450.00,237.70,349.96,30.67,27.89,74.93,0.53,0.67,-21.58,303.13,13020.00
5-Oct-2025,15:46,6.00,5.94,9.89,345.88,451.16,450.00,237.70,351.92,30.67,27.89,75.19,0.53,0.67,-21.86,304.22,13020.00
5-Oct-2025,15:47,6.00,5.94,9.89,345.29,450.40,450.00,237.70,350.67,30.67,27.89,75.07,0.53,0.67,-21.73,303.70,13020.00
5-Oct-2025,15:48,6.00,5.94,9.89,345.29,450.40,450.00,237.70,352.95,30.67,27.69,75.07,0.53,0.67,-21.73,303.70,13020.00
5-Oct-2025,15:49,6.00,5.94,9.89,343.19,447.65,450.00,237.70,351.99,30.67,27.52,74.61,0.53,0.67,-21.25,301.85,13020.00
5-Oct-2025,15:50,6.00,5.94,9.89,346.72,452.25,450.00,237.70,349.99,30.67,27.52,75.38,0.53,0.67,-22.05,304.95,13020.00
5-Oct-2025,15:51,6.00,5.94,10.00,344.03,461.38,465.00,237.70,352.18,30.67,27.38,76.90,0.52,0.67,-23.47,310.60,13021.00
5-Oct-2025,15:52,6.00,5.94,10.00,342.45,459.27,465.00,237.70,350.31,30.67,27.38,76.55,0.52,0.67,-23.12,309.18,13021.00
5-Oct-2025,15:53,6.00,5.94,10.00,342.94,459.93,465.00,237.70,353.21,30.67,27.38,76.66,0.52,0.67,-23.23,309.62,13021.00
5-Oct-2025,15:54,6.00,5.94,10.00,344.92,462.59,465.00,237.70,354.75,30.78,27.38,77.10,0.51,0.67,-23.67,311.42,13021.00
5-Oct-2025,15:55,6.00,5.94,10.00,346.78,465.07,465.00,237.70,351.34,30.78,27.38,77.51,0.51,0.67,-24.08,313.09,13021.00
5-Oct-2025,15:56,6.00,5.94,10.00,344.46,461.96,465.00,237.70,352.27,30.78,27.38,76.99,0.51,0.67,-23.57,310.99,13021.00
5-Oct-2025,15:57,6.00,5.94,10.00,344.52,462.05,465.00,237.70,353.11,30.78,27.56,77.01,0.51,0.67,-23.58,311.05,13021.00
5-Oct-2025,15:58,6.00,5.94,9.89,343.10,447.53,450.00,237.70,352.31,30.78,27.56,74.59,0.53,0.67,-21.23,301.77,13021.00
5-Oct-2025,15:59,6.00,5.94,9.89,344.80,449.75,450.00,237.70,352.69,30.78,27.56,74.96,0.53,0.67,-21.62,303.27,13021.00
5-Oct-2025,16:00,6.00,5.94,9.89,343.10,447.53,450.00,237.70,348.80,30.78,27.56,74.59,0.53,0.67,-21.23,301.77,13021.00
5-Oct-2025,16:01,6.00,5.94,9.89,349.07,455.32,450.00,237.70,351.41,30.67,27.56,75.89,0.52,0.67,-22.58,307.02,13021.00
5-Oct-2025,16:02,6.00,5.94,9.89,343.19,447.65,450.00,237.70,351.86,30.67,27.56,74.61,0.53,0.67,-21.25,301.85,13021.00
5-Oct-2025,16:03,6.00,5.94,9.89,344.40,449.23,450.00,237.70,352.53,30.67,27.56,74.87,0.53,0.67,-21.53,302.92,13021.00
5-Oct-2025,16:04,6.00,5.94,9.89,345.67,450.88,450.00,237.70,351.60,30.67,27.56,75.15,0.53,0.67,-21.82,304.03,13021.00
5-Oct-2025,16:05,6.00,5.94,9.89,346.07,451.40,450.00,237.70,351.60,30.67,27.56,75.23,0.53,0.67,-21.91,304.38,13021.00
5-Oct-2025,16:06,6.00,5.94,9.89,346.13,451.48,450.00,237.70,351.37,30.67,27.56,75.25,0.53,0.67,-21.92,304.43,13021.00
5-Oct-2025,16:07,6.00,6.06,9.89,343.13,434.96,435.00,237.70,353.27,30.67,27.78,72.49,0.55,0.67,-18.89,293.05,13021.00
5-Oct-2025,16:08,6.00,6.06,9.89,343.81,435.83,435.00,237.70,351.24,30.67,27.78,72.64,0.55,0.67,-19.05,293.64,13021.00
5-Oct-2025,16:09,6.00,6.06,9.89,341.43,432.81,435.00,237.70,350.60,30.67,27.78,72.14,0.55,0.67,-18.48,291.61,13021.00
5-Oct-2025,16:10,6.00,6.06,9.89,349.13,442.57,450.00,237.70,351.28,30.67,27.78,73.76,0.54,0.67,-20.35,298.42,13021.00
5-Oct-2025,16:11,6.00,6.06,9.89,345.11,437.47,435.00,237.70,351.53,30.67,27.78,72.91,0.54,0.67,-19.35,294.75,13021.00
5-Oct-2025,16:12,6.00,6.06,9.89,345.94,438.53,435.00,237.70,352.08,30.56,27.64,73.09,0.54,0.67,-19.55,295.46,13021.00
5-Oct-2025,16:13,6.00,6.06,9.89,341.74,433.20,435.00,237.70,350.54,30.67,27.64,72.20,0.55,0.67,-18.56,291.87,13021.00
5-Oct-2025,16:14,6.00,6.06,9.89,342.67,434.38,435.00,237.70,351.95,30.67,27.64,72.40,0.55,0.67,-18.78,292.66,13021.00
5-Oct-2025,16:15,6.00,6.06,9.89,344.27,436.41,435.00,237.70,351.66,30.67,27.64,72.74,0.54,0.67,-19.16,294.03,13021.00
5-Oct-2025,16:16,6.00,6.06,9.89,345.82,438.37,435.00,237.70,351.21,30.67,27.64,73.06,0.54,0.67,-19.52,295.35,13021.00
5-Oct-2025,16:17,6.00,6.06,9.89,346.13,438.77,435.00,237.70,352.37,30.67,27.64,73.13,0.54,0.67,-19.59,295.62,13021.00
5-Oct-2025,16:18,6.00,6.06,9.89,343.13,434.96,435.00,237.70,352.24,30.67,27.64,72.49,0.55,0.67,-18.89,293.05,13021.00
5-Oct-2025,16:19,6.00,6.06,9.89,344.31,436.45,435.00,237.70,352.11,30.56,27.64,72.74,0.54,0.67,-19.16,294.06,13021.00
5-Oct-2025,16:20,6.00,6.06,9.89,344.37,436.53,435.00,237.70,351.86,30.56,27.64,72.76,0.54,0.67,-19.18,294.11,13021.00
5-Oct-2025,16:21,6.00,6.06,9.89,343.97,436.02,435.00,237.70,351.28,30.56,27.64,72.67,0.55,0.67,-19.08,293.77,13021.00
5-Oct-2025,16:22,6.00,6.06,9.89,340.90,432.14,435.00,237.70,352.21,30.56,27.64,72.02,0.55,0.67,-18.36,291.15,13021.00
5-Oct-2025,16:23,6.00,6.06,9.89,342.57,434.26,435.00,237.70,352.56,30.56,27.51,72.38,0.55,0.67,-18.76,292.58,13021.00
5-Oct-2025,16:24,6.00,6.06,9.89,343.56,435.51,435.00,237.70,351.08,30.56,27.51,72.59,0.55,0.67,-18.99,293.42,13021.00
5-Oct-2025,16:25,6.00,6.06,9.89,345.51,437.98,435.00,237.70,351.02,30.56,27.51,73.00,0.54,0.67,-19.45,295.09,13021.00
5-Oct-2025,16:26,6.00,6.06,9.89,341.21,432.53,435.00,237.70,352.24,30.56,27.51,72.09,0.55,0.67,-18.43,291.42,13021.00
5-Oct-2025,16:27,6.00,6.06,9.89,345.94,438.53,435.00,237.70,352.44,30.44,27.51,73.09,0.54,0.67,-19.55,295.46,13021.00
5-Oct-2025,16:28,6.00,6.06,9.89,347.37,440.33,435.00,237.70,350.38,30.44,27.51,73.39,0.54,0.67,-19.88,296.67,13021.00
5-Oct-2025,16:29,6.00,6.06,9.89,348.39,441.63,435.00,237.70,350.83,30.44,27.51,73.61,0.54,0.67,-20.11,297.55,13021.00
5-Oct-2025,16:30,6.00,6.06,9.89,347.27,440.22,435.00,237.70,352.02,30.44,27.41,73.37,0.54,0.67,-19.86,296.60,13021.00
5-Oct-2025,16:31,6.00,6.06,9.89,348.02,441.16,435.00,237.70,348.61,30.44,27.41,73.53,0.54,0.67,-20.03,297.23,13021.00
5-Oct-2025,16:32,6.00,6.06,9.89,347.61,440.65,435.00,237.70,352.95,30.56,27.41,73.44,0.54,0.67,-19.93,296.89,13021.00
5-Oct-2025,16:33,6.00,6.06,9.89,348.02,441.16,435.00,237.70,352.08,30.56,27.41,73.53,0.54,0.67,-20.03,297.23,13021.00
5-Oct-2025,16:34,6.00,6.06,9.89,344.80,437.08,435.00,237.70,352.40,30.56,27.41,72.85,0.54,0.67,-19.28,294.48,13021.00
5-Oct-2025,16:35,6.00,6.06,9.89,341.46,432.85,435.00,237.70,352.24,30.56,27.41,72.14,0.55,0.67,-18.49,291.63,13021.00
5-Oct-2025,16:36,6.00,6.06,9.89,345.98,438.57,435.00,237.70,351.63,30.56,27.41,73.10,0.54,0.67,-19.56,295.49,13021.00
5-Oct-2025,16:37,6.00,6.06,9.89,344.80,437.08,435.00,237.70,351.86,30.56,27.41,72.85,0.54,0.67,-19.28,294.48,13021.00
5-Oct-2025,16:38,6.00,6.06,9.89,342.33,433.95,435.00,237.70,352.05,30.56,27.27,72.33,0.55,0.67,-18.70,292.37,13021.00
5-Oct-2025,16:39,6.00,6.06,9.89,342.30,433.91,435.00,237.70,349.54,30.56,27.27,72.32,0.55,0.67,-18.69,292.35,13021.00
5-Oct-2025,16:40,6.00,6.06,9.89,343.44,435.36,435.00,237.70,353.50,30.56,27.27,72.56,0.55,0.67,-18.96,293.32,13021.00
5-Oct-2025,16:41,6.00,6.06,9.89,346.75,439.55,435.00,237.70,351.95,30.56,27.27,73.26,0.54,0.67,-19.73,296.15,13021.00
5-Oct-2025,16:42,6.00,6.06,9.89,346.75,439.55,435.00,237.70,353.82,30.56,27.27,73.26,0.54,0.67,-19.73,296.15,13021.00
5-Oct-2025,16:43,6.00,6.06,9.89,346.04,438.65,435.00,237.70,351.76,30.56,27.27,73.11,0.54,0.67,-19.57,295.54,13021.00
5-Oct-2025,16:44,6.00,6.06,9.89,347.80,440.88,435.00,237.70,350.79,30.56,27.27,73.48,0.54,0.67,-19.98,297.04,13021.00
5-Oct-2025,16:45,6.00,6.06,9.89,345.91,438.49,435.00,237.70,352.02,30.56,27.45,73.08,0.54,0.67,-19.54,295.43,13021.00
5-Oct-2025,16:46,6.00,6.06,9.89,342.05,433.59,435.00,237.70,348.77,30.56,27.45,72.27,0.55,0.67,-18.63,292.13,13021.00
5-Oct-2025,16:47,6.00,6.06,9.89,344.27,436.41,435.00,237.70,352.50,30.56,27.45,72.74,0.54,0.67,-19.16,294.03,13021.00
5-Oct-2025,16:48,6.00,6.06,9.89,344.18,436.30,435.00,237.70,350.21,30.56,27.45,72.72,0.54,0.67,-19.14,293.96,13021.00
5-Oct-2025,16:49,6.00,6.06,9.89,345.88,438.45,435.00,237.70,353.21,30.56,27.45,73.08,0.54,0.67,-19.53,295.41,13021.00
5-Oct-2025,16:50,6.00,6.06,9.89,346.44,439.16,435.00,237.70,350.18,30.56,27.45,73.19,0.54,0.67,-19.66,295.88,13021.00
5-Oct-2025,16:51,6.00,6.06,9.89,344.40,436.57,435.00,237.70,350.63,30.67,27.45,72.76,0.54,0.67,-19.19,294.14,13022.00
5-Oct-2025,16:52,6.00,6.06,9.89,345.57,438.06,435.00,237.70,347.96,30.67,27.45,73.01,0.54,0.67,-19.46,295.14,13022.00
5-Oct-2025,16:53,6.00,6.06,9.89,345.20,437.59,435.00,237.70,353.34,30.56,27.45,72.93,0.54,0.67,-19.38,294.83,13022.00
5-Oct-2025,16:54,6.00,6.06,9.89,341.40,432.77,435.00,237.70,351.21,30.56,27.45,72.13,0.55,0.67,-18.48,291.58,13022.00
5-Oct-2025,16:55,6.00,6.06,9.89,342.02,433.55,435.00,237.70,350.86,30.56,27.28,72.26,0.55,0.67,-18.62,292.10,13022.00
5-Oct-2025,16:56,6.00,6.06,9.89,345.85,438.41,435.00,237.70,351.47,30.56,27.28,73.07,0.54,0.67,-19.53,295.38,13022.00
5-Oct-2025,16:57,6.00,6.06,9.89,345.39,437.83,435.00,237.70,352.08,30.56,27.28,72.97,0.54,0.67,-19.42,294.99,13022.00
5-Oct-2025,16:58,6.00,5.94,9.78,346.81,439.63,435.00,237.70,352.56,30.56,27.28,73.27,0.54,0.67,-19.75,296.20,13022.00
5-Oct-2025,16:59,6.00,5.94,9.78,345.48,437.94,435.00,237.70,351.05,30.44,27.15,72.99,0.54,0.67,-19.44,295.06,13022.00
5-Oct-2025,17:00,6.00,5.94,9.78,344.00,436.06,435.00,237.70,350.63,30.56,27.15,72.68,0.55,0.67,-19.09,293.80,13022.00
5-Oct-2025,17:01,6.00,5.94,9.78,348.70,442.02,435.00,237.70,351.31,30.44,27.15,73.67,0.54,0.67,-20.18,297.81,13022.00
5-Oct-2025,17:02,6.00,5.94,9.78,342.08,433.63,435.00,237.70,352.56,30.44,27.15,72.27,0.55,0.67,-18.64,292.16,13022.00
5-Oct-2025,17:03,6.00,5.94,9.78,342.23,433.83,435.00,237.70,350.21,30.44,27.15,72.31,0.55,0.67,-18.68,292.29,13022.00
5-Oct-2025,17:04,6.00,5.94,9.78,344.49,436.69,435.00,237.70,351.86,30.44,27.15,72.78,0.54,0.67,-19.21,294.22,13022.00
5-Oct-2025,17:05,6.00,5.94,9.78,345.17,437.55,435.00,237.70,350.54,30.44,27.15,72.93,0.54,0.67,-19.37,294.80,13022.00
5-Oct-2025,17:06,6.00,5.94,9.78,342.54,434.22,435.00,237.70,352.11,30.44,27.15,72.37,0.55,0.67,-18.75,292.56,13022.00
5-Oct-2025,17:07,6.00,5.94,9.78,343.81,435.83,435.00,237.70,352.82,30.44,27.15,72.64,0.55,0.67,-19.05,293.64,13022.00
5-Oct-2025,17:08,6.00,5.94,9.78,344.58,436.81,435.00,237.70,347.99,30.44,27.15,72.80,0.54,0.67,-19.23,294.30,13022.00
5-Oct-2025,17:09,6.00,5.94,9.78,343.75,435.75,435.00,237.70,348.48,30.44,27.15,72.63,0.55,0.67,-19.03,293.59,13022.00
5-Oct-2025,17:10,6.00,5.94,9.78,344.21,436.34,435.00,237.70,348.61,30.44,27.15,72.72,0.54,0.67,-19.14,293.98,13022.00
5-Oct-2025,17:11,6.00,5.94,9.89,345.82,451.08,450.00,237.70,353.27,30.44,27.15,75.18,0.53,0.67,-21.85,304.16,13022.00
5-Oct-2025,17:12,6.00,5.94,9.89,342.23,446.40,450.00,237.70,352.02,30.44,27.15,74.40,0.53,0.67,-21.03,301.01,13022.00
5-Oct-2025,17:13,6.00,5.94,9.89,345.67,450.88,450.00,237.70,351.44,30.44,27.15,75.15,0.53,0.67,-21.82,304.03,13022.00
5-Oct-2025,17:14,6.00,5.94,9.78,342.94,434.73,435.00,237.70,350.83,30.33,27.15,72.46,0.55,0.67,-18.84,292.90,13022.00
5-Oct-2025,17:15,6.00,5.94,9.78,343.66,435.63,435.00,237.70,352.69,30.44,27.15,72.61,0.55,0.67,-19.01,293.51,13022.00
5-Oct-2025,17:16,6.00,5.94,9.78,344.92,437.24,435.00,237.70,350.89,30.44,27.15,72.87,0.54,0.67,-19.31,294.59,13022.00
5-Oct-2025,17:17,6.00,5.94,9.78,341.28,432.61,435.00,237.70,353.24,30.44,27.15,72.10,0.55,0.67,-18.45,291.47,13022.00
5-Oct-2025,17:18,6.00,5.94,9.78,341.89,433.40,435.00,237.70,349.25,30.44,27.15,72.23,0.55,0.67,-18.60,292.00,13022.00
5-Oct-2025,17:19,6.00,5.94,9.78,340.35,431.44,435.00,237.70,349.25,30.33,27.15,71.91,0.55,0.67,-18.23,290.68,13022.00
5-Oct-2025,17:20,6.00,5.94,9.78,344.99,437.32,435.00,237.70,348.54,30.33,27.15,72.89,0.54,0.67,-19.33,294.64,13022.00
5-Oct-2025,17:21,6.00,5.94,9.78,343.22,435.08,435.00,237.70,352.08,30.33,27.15,72.51,0.55,0.67,-18.91,293.14,13022.00
5-Oct-2025,17:22,6.00,5.94,9.78,347.24,440.18,435.00,237.70,349.31,30.33,27.15,73.36,0.54,0.67,-19.85,296.57,13022.00
5-Oct-2025,17:23,6.00,5.94,9.78,346.04,438.65,435.00,237.70,353.05,30.33,27.15,73.11,0.54,0.67,-19.57,295.54,13022.00
5-Oct-2025,17:24,6.00,5.94,9.78,345.85,438.41,435.00,237.70,351.57,30.33,27.15,73.07,0.54,0.67,-19.53,295.38,13022.00
5-Oct-2025,17:25,6.00,5.94,9.78,345.67,438.18,435.00,237.70,351.37,30.44,27.15,73.03,0.54,0.67,-19.48,295.22,13022.00
5-Oct-2025,17:26,6.00,5.94,9.78,342.70,434.42,435.00,237.70,350.86,30.44,27.15,72.40,0.55,0.67,-18.79,292.69,13022.00
5-Oct-2025,17:27,6.00,5.94,9.78,344.06,436.14,435.00,237.70,350.83,30.44,27.15,72.69,0.55,0.67,-19.11,293.85,13022.00
5-Oct-2025,17:28,6.00,5.94,9.78,346.78,439.59,435.00,237.70,349.73,30.44,27.15,73.27,0.54,0.67,-19.74,296.17,13022.00
5-Oct-2025,17:29,6.00,6.06,9.78,344.49,424.03,420.00,237.70,350.54,30.44,27.15,70.67,0.56,0.67,-16.73,285.46,13022.00
5-Oct-2025,17:30,6.00,6.06,9.78,345.45,425.21,420.00,237.70,352.11,30.44,27.26,70.87,0.56,0.67,-16.96,286.25,13022.00
5-Oct-2025,17:31,6.00,6.06,9.78,341.80,420.72,420.00,237.70,352.53,30.44,27.26,70.12,0.56,0.67,-16.07,283.23,13022.00
5-Oct-2025,17:32,6.00,6.06,9.78,343.78,423.16,420.00,237.70,352.56,30.44,27.26,70.53,0.56,0.67,-16.56,284.87,13022.00
5-Oct-2025,17:33,6.00,6.06,9.78,344.65,424.22,420.00,237.70,352.89,30.44,27.26,70.70,0.56,0.67,-16.77,285.58,13022.00
5-Oct-2025,17:34,6.00,6.06,9.78,342.30,421.33,420.00,237.70,353.08,30.44,27.26,70.22,0.56,0.67,-16.20,283.64,13022.00
5-Oct-2025,17:35,6.00,6.06,9.78,343.81,423.19,420.00,237.70,347.61,30.56,27.26,70.53,0.56,0.67,-16.56,284.89,13022.00
5-Oct-2025,17:36,6.00,6.06,9.78,344.55,424.11,420.00,237.70,352.11,30.56,27.26,70.69,0.56,0.67,-16.74,285.51,13022.00
5-Oct-2025,17:37,6.00,6.06,9.78,344.61,424.18,420.00,237.70,353.92,30.56,27.26,70.70,0.56,0.67,-16.76,285.56,13022.00
5-Oct-2025,17:38,6.00,6.06,9.78,346.47,426.47,420.00,237.70,350.12,30.56,27.26,71.08,0.56,0.67,-17.21,287.10,13022.00
5-Oct-2025,17:39,6.00,6.06,9.78,343.25,422.51,420.00,237.70,351.15,30.56,27.26,70.42,0.56,0.67,-16.43,284.43,13022.00
5-Oct-2025,17:40,6.00,6.06,9.78,343.97,423.38,420.00,237.70,350.70,30.56,27.26,70.56,0.56,0.67,-16.60,285.02,13022.00
5-Oct-2025,17:41,6.00,6.06,9.78,347.95,428.29,435.00,237.70,350.21,30.56,27.26,71.38,0.56,0.67,-17.62,288.56,13022.00
5-Oct-2025,17:42,6.00,6.06,9.78,344.89,424.53,420.00,237.70,349.86,30.56,27.26,70.76,0.56,0.67,-16.83,285.79,13022.00
5-Oct-2025,17:43,6.00,6.06,9.78,346.35,426.31,420.00,237.70,350.99,30.56,27.26,71.05,0.56,0.67,-17.17,286.99,13022.00
5-Oct-2025,17:44,6.00,6.06,9.78,339.17,417.49,420.00,237.70,352.73,30.44,27.26,69.58,0.57,0.67,-15.42,281.05,13022.00
5-Oct-2025,17:45,6.00,6.06,9.78,344.92,424.56,420.00,237.70,351.08,30.44,27.26,70.76,0.56,0.67,-16.83,285.81,13022.00
5-Oct-2025,17:46,6.00,6.06,9.78,341.77,420.68,420.00,237.70,350.54,30.44,27.26,70.11,0.57,0.67,-16.07,283.20,13022.00
5-Oct-2025,17:47,6.00,6.06,9.78,343.90,423.31,420.00,237.70,352.24,30.44,27.26,70.55,0.56,0.67,-16.59,284.97,13022.00
5-Oct-2025,17:48,6.00,6.06,9.78,343.41,422.70,420.00,237.70,348.06,30.44,27.26,70.45,0.56,0.67,-16.47,284.56,13022.00
5-Oct-2025,17:49,6.00,6.06,9.78,349.10,429.70,435.00,237.70,353.05,30.44,27.26,71.62,0.55,0.67,-17.89,289.51,13022.00
5-Oct-2025,17:50,6.00,6.06,9.78,343.66,423.00,420.00,237.70,353.11,30.44,27.26,70.50,0.56,0.67,-16.53,284.76,13022.00
5-Oct-2025,17:51,6.00,6.06,9.78,344.61,424.18,420.00,237.70,352.05,30.44,27.14,70.70,0.56,0.67,-16.76,285.56,13022.00
5-Oct-2025,17:52,6.00,6.06,9.78,345.08,424.75,420.00,237.70,352.44,30.44,27.14,70.79,0.56,0.67,-16.87,285.94,13023.00
5-Oct-2025,17:53,6.00,6.06,9.78,345.36,425.10,420.00,237.70,351.86,30.44,27.14,70.85,0.56,0.67,-16.94,286.18,13023.00
5-Oct-2025,17:54,6.00,6.06,9.78,346.93,427.04,420.00,237.70,347.86,30.44,27.14,71.17,0.56,0.67,-17.32,287.48,13023.00
5-Oct-2025,17:55,6.00,6.06,9.78,343.78,423.16,420.00,237.70,350.02,30.44,27.14,70.53,0.56,0.67,-16.56,284.87,13023.00
5-Oct-2025,17:56,6.00,6.06,9.78,343.66,423.00,420.00,237.70,351.05,30.44,27.14,70.50,0.56,0.67,-16.53,284.76,13023.00
5-Oct-2025,17:57,6.00,6.06,9.78,347.95,428.29,435.00,237.70,351.08,30.44,27.14,71.38,0.56,0.67,-17.62,288.56,13023.00
5-Oct-2025,17:58,6.00,5.94,9.78,342.73,434.46,435.00,237.70,350.73,30.44,27.14,72.41,0.55,0.67,-18.79,292.72,13023.00
5-Oct-2025,17:59,6.00,5.94,9.78,341.24,432.57,435.00,237.70,349.54,30.44,27.14,72.10,0.55,0.67,-18.44,291.44,13023.00
5-Oct-2025,18:00,6.00,5.94,9.78,344.18,436.30,435.00,237.70,350.76,30.44,27.14,72.72,0.54,0.67,-19.14,293.96,13023.00
5-Oct-2025,18:01,6.00,5.94,9.78,345.98,438.57,435.00,237.70,352.44,30.44,27.14,73.10,0.54,0.67,-19.56,295.49,13023.00
5-Oct-2025,18:02,6.00,5.94,9.78,344.37,436.53,435.00,237.70,349.83,30.44,27.14,72.76,0.54,0.67,-19.18,294.11,13023.00
5-Oct-2025,18:03,6.00,5.94,9.78,340.50,431.63,435.00,237.70,351.05,30.33,27.14,71.94,0.55,0.67,-18.26,290.81,13023.00
5-Oct-2025,18:04,6.00,5.94,9.78,345.23,437.63,435.00,237.70,350.47,30.33,27.14,72.94,0.54,0.67,-19.38,294.85,13023.00
5-Oct-2025,18:05,6.00,5.94,9.78,345.26,437.67,435.00,237.70,350.89,30.33,27.14,72.95,0.54,0.67,-19.39,294.88,13023.00
5-Oct-2025,18:06,6.00,5.94,9.78,345.76,438.30,435.00,237.70,351.60,30.33,27.14,73.05,0.54,0.67,-19.51,295.30,13023.00
5-Oct-2025,18:07,6.00,5.94,9.78,342.70,434.42,435.00,237.70,350.41,30.33,27.14,72.40,0.55,0.67,-18.79,292.69,13023.00
5-Oct-2025,18:08,6.00,5.94,9.78,343.16,435.00,435.00,237.70,350.31,30.33,27.14,72.50,0.55,0.67,-18.89,293.08,13023.00
5-Oct-2025,18:09,6.00,5.94,9.78,343.75,435.75,435.00,237.70,353.43,30.33,26.99,72.63,0.55,0.67,-19.03,293.59,13023.00
5-Oct-2025,18:10,6.00,5.94,9.78,342.88,434.65,435.00,237.70,350.31,30.33,26.99,72.44,0.55,0.67,-18.83,292.85,13023.00
5-Oct-2025,18:11,6.00,5.94,9.78,345.11,437.47,435.00,237.70,355.46,30.33,26.99,72.91,0.54,0.67,-19.35,294.75,13023.00
5-Oct-2025,18:12,6.00,5.94,9.78,344.95,437.28,435.00,237.70,350.73,30.33,26.99,72.88,0.54,0.67,-19.32,294.62,13023.00
5-Oct-2025,18:13,6.00,5.94,9.78,341.43,432.81,435.00,237.70,353.63,30.33,27.13,72.14,0.55,0.67,-18.48,291.61,13023.00
5-Oct-2025,18:14,6.00,5.94,9.78,345.29,437.71,435.00,237.70,351.79,30.33,27.13,72.95,0.54,0.67,-19.40,294.91,13023.00
5-Oct-2025,18:15,6.00,5.94,9.78,342.33,433.95,435.00,237.70,351.60,30.33,26.98,72.33,0.55,0.67,-18.70,292.37,13023.00
5-Oct-2025,18:16,6.00,5.94,9.78,341.71,433.16,435.00,237.70,351.08,30.33,26.98,72.19,0.55,0.67,-18.55,291.84,13023.00
5-Oct-2025,18:17,6.00,5.94,9.78,346.04,438.65,435.00,237.70,350.18,30.33,26.98,73.11,0.54,0.67,-19.57,295.54,13023.00
5-Oct-2025,18:18,6.00,5.94,9.78,345.29,437.71,435.00,237.70,350.44,30.33,26.98,72.95,0.54,0.67,-19.40,294.91,13023.00
5-Oct-2025,18:19,6.00,5.94,9.78,343.59,435.55,435.00,237.70,350.60,30.33,26.98,72.59,0.55,0.67,-19.00,293.45,13023.00
5-Oct-2025,18:20,6.00,5.94,9.78,344.83,437.12,435.00,237.70,350.28,30.33,26.98,72.85,0.54,0.67,-19.29,294.51,13023.00
5-Oct-2025,18:21,6.00,5.94,9.78,340.90,432.14,435.00,237.70,349.89,30.22,26.98,72.02,0.55,0.67,-18.36,291.15,13023.00
5-Oct-2025,18:22,6.00,5.94,9.78,347.03,439.90,435.00,237.70,352.18,30.22,26.98,73.32,0.54,0.67,-19.80,296.38,13023.00
5-Oct-2025,18:23,6.00,5.94,9.78,345.23,437.63,435.00,237.70,352.76,30.22,26.98,72.94,0.54,0.67,-19.38,294.85,13023.00
5-Oct-2025,18:24,6.00,5.94,9.78,342.23,433.83,435.00,237.70,351.57,30.22,26.98,72.31,0.55,0.67,-18.68,292.29,13023.00
5-Oct-2025,18:25,6.00,5.94,9.78,343.69,435.67,435.00,237.70,353.85,30.22,26.98,72.61,0.55,0.67,-19.02,293.53,13023.00
5-Oct-2025,18:26,6.00,5.94,9.78,346.66,439.43,435.00,237.70,352.31,30.22,26.98,73.24,0.54,0.67,-19.71,296.07,13023.00
5-Oct-2025,18:27,6.00,5.94,9.78,345.36,437.79,435.00,237.70,351.47,30.22,26.98,72.97,0.54,0.67,-19.41,294.96,13023.00
5-Oct-2025,18:28,6.00,5.94,9.78,341.77,433.24,435.00,237.70,349.51,30.22,26.98,72.21,0.55,0.67,-18.57,291.90,13023.00
5-Oct-2025,18:29,6.00,5.94,9.78,344.18,436.30,435.00,237.70,351.92,30.11,26.98,72.72,0.54,0.67,-19.14,293.96,13023.00
5-Oct-2025,18:30,6.00,5.94,9.78,346.75,439.55,435.00,237.70,351.89,30.11,26.98,73.26,0.54,0.67,-19.73,296.15,13023.00
5-Oct-2025,18:31,6.00,5.94,9.78,343.50,435.43,435.00,237.70,349.76,30.11,26.98,72.57,0.55,0.67,-18.98,293.37,13023.00
5-Oct-2025,18:32,6.00,5.94,9.78,344.09,436.18,435.00,237.70,352.44,30.11,26.98,72.70,0.54,0.67,-19.11,293.88,13023.00
5-Oct-2025,18:33,6.00,5.94,9.67,344.99,424.64,420.00,237.70,353.53,30.11,26.98,70.77,0.56,0.67,-16.85,285.87,13023.00
5-Oct-2025,18:34,6.00,5.94,9.67,345.17,424.87,420.00,237.70,352.89,30.11,26.98,70.81,0.56,0.67,-16.89,286.02,13023.00
5-Oct-2025,18:35,6.00,5.94,9.67,343.69,423.04,420.00,237.70,351.02,30.00,26.98,70.51,0.56,0.67,-16.53,284.79,13023.00
5-Oct-2025,18:36,6.00,5.94,9.67,343.97,423.38,420.00,237.70,351.02,30.00,26.98,70.56,0.56,0.67,-16.60,285.02,13023.00
5-Oct-2025,18:37,6.00,5.94,9.67,344.89,424.53,420.00,237.70,353.40,30.00,26.98,70.76,0.56,0.67,-16.83,285.79,13023.00
5-Oct-2025,18:38,6.00,5.94,9.67,343.32,422.59,420.00,237.70,350.54,30.00,26.76,70.43,0.56,0.67,-16.44,284.49,13023.00
5-Oct-2025,18:39,6.00,5.94,9.67,346.35,426.32,420.00,237.70,351.28,30.00,26.76,71.05,0.56,0.67,-17.18,287.00,13023.00
5-Oct-2025,18:40,6.00,5.94,9.78,346.69,439.47,435.00,237.70,350.34,30.00,26.76,73.25,0.54,0.67,-19.72,296.09,13023.00
5-Oct-2025,18:41,6.00,5.94,9.78,346.87,439.71,435.00,237.70,352.50,29.89,26.76,73.29,0.54,0.67,-19.76,296.25,13023.00
5-Oct-2025,18:42,6.00,5.94,9.78,342.17,433.75,435.00,237.70,351.31,29.89,26.76,72.29,0.55,0.67,-18.66,292.24,13023.00
5-Oct-2025,18:43,6.00,5.94,9.78,346.56,439.32,435.00,237.70,351.18,29.89,26.62,73.22,0.54,0.67,-19.69,295.99,13023.00
5-Oct-2025,18:44,6.00,5.94,9.78,341.80,433.28,435.00,237.70,351.70,29.89,26.62,72.21,0.55,0.67,-18.57,291.92,13023.00
5-Oct-2025,18:45,6.00,5.94,9.78,343.01,434.81,435.00,237.70,351.70,29.89,26.62,72.47,0.55,0.67,-18.86,292.95,13023.00
5-Oct-2025,18:46,6.00,5.94,9.78,345.45,437.90,435.00,237.70,350.18,29.89,26.72,72.98,0.54,0.67,-19.43,295.04,13023.00
5-Oct-2025,18:47,6.00,5.94,9.78,348.26,441.47,435.00,237.70,351.12,30.00,26.72,73.58,0.54,0.67,-20.08,297.44,13023.00
5-Oct-2025,18:48,6.00,5.94,9.78,344.27,436.41,435.00,237.70,349.57,30.00,26.72,72.74,0.54,0.67,-19.16,294.03,13023.00
5-Oct-2025,18:49,6.00,5.94,9.78,343.97,436.02,435.00,237.70,351.82,30.00,26.72,72.67,0.55,0.67,-19.08,293.77,13023.00
5-Oct-2025,18:50,6.00,5.94,9.78,348.54,441.82,435.00,237.70,352.27,30.00,26.72,73.64,0.54,0.67,-20.15,297.68,13023.00
5-Oct-2025,18:51,6.00,5.94,9.78,344.34,436.49,435.00,237.70,352.69,30.00,26.72,72.75,0.54,0.67,-19.17,294.09,13024.00
5-Oct-2025,18:52,6.00,5.94,9.78,341.96,433.48,435.00,237.70,351.86,30.00,26.72,72.25,0.55,0.67,-18.61,292.06,13024.00
5-Oct-2025,18:53,6.00,5.94,9.78,344.95,437.28,435.00,237.70,348.93,30.00,26.88,72.88,0.54,0.67,-19.32,294.62,13024.00
5-Oct-2025,18:54,6.00,5.94,9.78,342.26,433.87,435.00,237.70,349.44,30.00,26.88,72.31,0.55,0.67,-18.68,292.32,13024.00
5-Oct-2025,18:55,6.00,5.94,9.78,346.35,439.04,435.00,237.70,352.37,30.00,26.88,73.17,0.54,0.67,-19.64,295.80,13024.00
5-Oct-2025,18:56,6.00,5.94,9.78,341.71,433.16,435.00,237.70,349.73,30.00,26.88,72.19,0.55,0.67,-18.55,291.84,13024.00
5-Oct-2025,18:57,6.00,5.94,9.78,342.76,434.49,435.00,237.70,349.96,30.00,26.88,72.42,0.55,0.67,-18.80,292.74,13024.00
5-Oct-2025,18:58,6.00,5.94,9.78,345.98,438.57,435.00,237.70,351.41,30.00,26.88,73.10,0.54,0.67,-19.56,295.49,13024.00
5-Oct-2025,18:59,6.00,5.94,9.78,343.44,435.36,435.00,237.70,351.28,30.00,26.88,72.56,0.55,0.67,-18.96,293.32,13024.00
5-Oct-2025,19:00,6.00,5.94,9.78,345.17,437.55,435.00,237.70,351.86,30.00,26.77,72.93,0.54,0.67,-19.37,294.80,13024.00
5-Oct-2025,19:01,6.00,5.94,9.78,340.44,431.55,435.00,237.70,353.40,30.00,26.77,71.93,0.55,0.67,-18.25,290.76,13024.00
5-Oct-2025,19:02,6.00,5.94,9.78,349.47,443.00,450.00,237.70,346.87,30.00,26.77,73.83,0.54,0.67,-20.42,298.71,13024.00
5-Oct-2025,19:03,6.00,5.94,9.78,345.20,437.59,435.00,237.70,349.28,30.00,26.77,72.93,0.54,0.67,-19.38,294.83,13024.00
5-Oct-2025,19:04,6.00,5.94,9.78,344.49,436.69,435.00,237.70,350.96,29.89,26.77,72.78,0.54,0.67,-19.21,294.22,13024.00
5-Oct-2025,19:05,6.00,5.94,9.78,346.16,438.81,435.00,237.70,348.38,30.00,26.77,73.14,0.54,0.67,-19.60,295.65,13024.00
5-Oct-2025,19:06,6.00,5.94,9.78,342.85,434.61,435.00,237.70,351.73,30.00,26.77,72.44,0.55,0.67,-18.82,292.82,13024.00
5-Oct-2025,19:07,6.00,5.94,9.78,345.94,438.53,435.00,237.70,354.53,30.00,26.96,73.09,0.54,0.67,-19.55,295.46,13024.00
5-Oct-2025,19:08,6.00,5.94,9.78,346.28,438.96,435.00,237.70,349.38,30.00,26.96,73.16,0.54,0.67,-19.63,295.75,13024.00
5-Oct-2025,19:09,6.00,5.94,9.78,349.87,443.51,450.00,237.70,352.05,30.00,26.96,73.92,0.54,0.67,-20.52,299.06,13024.00
5-Oct-2025,19:10,6.00,5.94,9.78,344.52,436.73,435.00,237.70,351.79,30.00,26.96,72.79,0.54,0.67,-19.22,294.25,13024.00
5-Oct-2025,19:11,6.00,5.94,9.78,347.68,440.73,435.00,237.70,349.89,30.00,26.96,73.46,0.54,0.67,-19.95,296.94,13024.00
5-Oct-2025,19:12,6.00,5.94,9.78,345.54,438.02,435.00,237.70,352.69,30.00,26.96,73.00,0.54,0.67,-19.45,295.12,13024.00
5-Oct-2025,19:13,6.00,5.94,9.78,346.19,438.84,435.00,237.70,349.44,30.00,27.09,73.14,0.54,0.67,-19.60,295.67,13024.00
5-Oct-2025,19:14,6.00,5.94,9.78,343.69,435.67,435.00,237.70,350.73,30.00,27.09,72.61,0.55,0.67,-19.02,293.53,13024.00
5-Oct-2025,19:15,6.00,5.94,9.78,342.17,433.75,435.00,237.70,351.44,30.00,27.09,72.29,0.55,0.67,-18.66,292.24,13024.00
5-Oct-2025,19:16,6.00,5.94,9.78,342.67,434.38,435.00,237.70,352.85,30.00,27.09,72.40,0.55,0.67,-18.78,292.66,13024.00
5-Oct-2025,19:17,6.00,5.94,9.78,348.45,441.71,435.00,237.70,351.37,30.00,27.09,73.62,0.54,0.67,-20.13,297.60,13024.00
5-Oct-2025,19:18,6.00,5.94,9.78,344.65,436.89,435.00,237.70,352.27,30.00,27.09,72.82,0.54,0.67,-19.25,294.35,13024.00
5-Oct-2025,19:19,6.00,5.94,9.78,343.66,435.63,435.00,237.70,351.08,30.00,27.09,72.61,0.55,0.67,-19.01,293.51,13024.00
5-Oct-2025,19:20,6.00,5.94,9.78,348.51,441.78,435.00,237.70,351.34,30.11,27.09,73.63,0.54,0.67,-20.14,297.65,13024.00
5-Oct-2025,19:21,6.00,5.94,9.78,342.60,434.30,435.00,237.70,352.53,30.11,27.09,72.38,0.55,0.67,-18.76,292.61,13024.00
5-Oct-2025,19:22,6.00,5.94,9.78,342.54,434.22,435.00,237.70,350.86,30.11,27.09,72.37,0.55,0.67,-18.75,292.56,13024.00
5-Oct-2025,19:23,6.00,5.94,9.78,348.82,442.18,435.00,237.70,354.82,30.11,27.07,73.70,0.54,0.67,-20.21,297.92,13024.00
5-Oct-2025,19:24,6.00,5.94,9.78,346.96,439.82,435.00,237.70,352.08,30.22,27.07,73.30,0.54,0.67,-19.78,296.33,13024.00
5-Oct-2025,19:25,6.00,5.94,9.78,350.80,444.68,450.00,237.70,350.99,30.22,27.07,74.11,0.53,0.67,-20.73,299.85,13024.00
5-Oct-2025,19:26,6.00,5.94,9.78,345.29,437.71,435.00,237.70,353.11,30.22,27.07,72.95,0.54,0.67,-19.40,294.91,13024.00
5-Oct-2025,19:27,6.00,5.94,9.78,343.29,435.16,435.00,237.70,350.60,30.22,27.07,72.53,0.55,0.67,-18.92,293.19,13024.00
5-Oct-2025,19:28,6.00,5.94,9.78,342.98,434.77,435.00,237.70,351.50,30.22,27.07,72.46,0.55,0.67,-18.85,292.93,13024.00
5-Oct-2025,19:29,6.00,5.94,9.78,346.22,438.88,435.00,237.70,350.31,30.22,27.07,73.15,0.54,0.67,-19.61,295.70,13024.00
5-Oct-2025,19:30,6.00,5.94,9.78,344.12,436.22,435.00,237.70,352.53,30.11,27.07,72.70,0.54,0.67,-19.12,293.90,13024.00
5-Oct-2025,19:31,6.00,5.94,9.78,346.35,439.04,435.00,237.70,350.99,30.11,27.07,73.17,0.54,0.67,-19.64,295.80,13024.00
5-Oct-2025,19:32,6.00,5.94,9.78,345.67,438.18,435.00,237.70,351.44,30.11,27.18,73.03,0.54,0.67,-19.48,295.22,13024.00
5-Oct-2025,19:33,6.00,5.94,9.78,346.22,438.88,435.00,237.70,351.82,30.11,27.18,73.15,0.54,0.67,-19.61,295.70,13024.00
5-Oct-2025,19:34,6.00,5.94,9.78,346.13,438.77,435.00,237.70,352.50,30.11,27.18,73.13,0.54,0.67,-19.59,295.62,13024.00
5-Oct-2025,19:35,6.00,5.94,9.78,348.45,441.71,435.00,237.70,352.76,30.11,27.05,73.62,0.54,0.67,-20.13,297.60,13024.00
5-Oct-2025,19:36,6.00,5.94,9.78,346.01,438.61,435.00,237.70,349.15,30.11,27.16,73.10,0.54,0.67,-19.56,295.51,13024.00
5-Oct-2025,19:37,6.00,5.94,9.78,342.26,433.87,435.00,237.70,350.38,30.11,27.16,72.31,0.55,0.67,-18.68,292.32,13024.00
5-Oct-2025,19:38,6.00,5.94,9.78,348.08,441.24,435.00,237.70,352.85,30.11,27.16,73.54,0.54,0.67,-20.04,297.29,13024.00
5-Oct-2025,19:39,6.00,5.94,9.78,346.93,439.79,435.00,237.70,351.15,30.11,27.16,73.30,0.54,0.67,-19.78,296.31,13024.00
5-Oct-2025,19:40,6.00,5.94,9.78,344.40,436.57,435.00,237.70,352.02,30.11,27.16,72.76,0.54,0.67,-19.19,294.14,13024.00
5-Oct-2025,19:41,6.00,5.94,9.78,347.40,440.37,435.00,237.70,351.66,30.11,27.16,73.40,0.54,0.67,-19.88,296.70,13024.00
5-Oct-2025,19:42,6.00,5.94,9.78,342.70,434.42,435.00,237.70,349.89,30.11,27.16,72.40,0.55,0.67,-18.79,292.69,13024.00
5-Oct-2025,19:43,6.00,5.94,9.78,344.77,437.04,435.00,237.70,349.44,30.11,27.16,72.84,0.54,0.67,-19.27,294.46,13024.00
5-Oct-2025,19:44,6.00,5.94,9.78,347.06,439.94,435.00,237.70,353.85,30.11,27.16,73.32,0.54,0.67,-19.81,296.41,13024.00
5-Oct-2025,19:45,6.00,5.94,9.78,345.14,437.51,435.00,237.70,350.67,30.11,27.16,72.92,0.54,0.67,-19.36,294.77,13024.00
5-Oct-2025,19:46,6.00,5.94,9.78,344.92,437.24,435.00,237.70,352.60,30.11,27.16,72.87,0.54,0.67,-19.31,294.59,13024.00
5-Oct-2025,19:47,6.00,5.94,9.78,342.11,433.67,435.00,237.70,350.15,30.11,27.16,72.28,0.55,0.67,-18.65,292.19,13024.00
5-Oct-2025,19:48,6.00,5.94,9.78,344.71,436.96,435.00,237.70,351.05,30.11,27.16,72.83,0.54,0.67,-19.26,294.40,13024.00
5-Oct-2025,19:49,6.00,5.94,9.78,344.92,437.24,435.00,237.70,353.05,30.11,27.16,72.87,0.54,0.67,-19.31,294.59,13024.00
5-Oct-2025,19:50,6.00,5.94,9.78,347.30,440.26,435.00,237.70,354.43,30.11,27.16,73.38,0.54,0.67,-19.86,296.63,13024.00
5-Oct-2025,19:51,6.00,5.94,9.78,342.23,433.83,435.00,237.70,353.18,30.11,27.16,72.31,0.55,0.67,-18.68,292.29,13025.00
5-Oct-2025,19:52,6.00,5.94,9.78,346.13,438.77,435.00,237.70,350.73,30.11,27.16,73.13,0.54,0.67,-19.59,295.62,13025.00
5-Oct-2025,19:53,6.00,5.94,9.78,344.68,436.92,435.00,237.70,352.24,30.11,27.16,72.82,0.54,0.67,-19.25,294.37,13025.00
5-Oct-2025,19:54,6.00,5.94,9.78,345.63,438.14,435.00,237.70,353.30,30.11,27.16,73.02,0.54,0.67,-19.48,295.20,13025.00
5-Oct-2025,19:55,6.00,5.94,9.78,344.46,436.65,435.00,237.70,352.05,30.11,27.16,72.78,0.54,0.67,-19.20,294.19,13025.00
5-Oct-2025,19:56,6.00,5.94,9.78,347.55,440.57,435.00,237.70,350.76,30.22,27.16,73.43,0.54,0.67,-19.92,296.83,13025.00
5-Oct-2025,19:57,6.00,5.94,9.78,345.91,438.49,435.00,237.70,350.79,30.22,27.16,73.08,0.54,0.67,-19.54,295.43,13025.00
5-Oct-2025,19:58,6.00,5.94,9.78,345.39,437.83,435.00,237.70,351.66,30.22,27.16,72.97,0.54,0.67,-19.42,294.99,13025.00
5-Oct-2025,19:59,6.00,5.94,9.78,344.12,436.22,435.00,237.70,349.35,30.22,27.16,72.70,0.54,0.67,-19.12,293.90,13025.00
5-Oct-2025,20:00,6.00,5.94,9.78,343.56,435.51,435.00,237.70,353.47,30.22,27.16,72.59,0.55,0.67,-18.99,293.42,13025.00
5-Oct-2025,20:01,6.00,5.94,9.78,343.13,434.96,435.00,237.70,352.24,30.22,27.16,72.49,0.55,0.67,-18.89,293.05,13025.00
5-Oct-2025,20:02,6.00,5.94,9.78,344.71,436.96,435.00,237.70,351.50,30.22,27.28,72.83,0.54,0.67,-19.26,294.40,13025.00
5-Oct-2025,20:03,6.00,5.94,9.78,343.22,435.08,435.00,237.70,351.76,30.22,27.13,72.51,0.55,0.67,-18.91,293.14,13025.00
5-Oct-2025,20:04,6.00,5.94,9.78,347.77,440.84,435.00,237.70,352.31,30.22,27.13,73.47,0.54,0.67,-19.97,297.02,13025.00
5-Oct-2025,20:05,6.00,5.94,9.78,344.31,436.45,435.00,237.70,353.14,30.22,27.01,72.74,0.54,0.67,-19.16,294.06,13025.00
5-Oct-2025,20:06,6.00,5.94,9.78,344.43,436.61,435.00,237.70,350.09,30.22,27.01,72.77,0.54,0.67,-19.19,294.17,13025.00
5-Oct-2025,20:07,6.00,5.94,9.78,342.67,434.38,435.00,237.70,347.90,30.11,27.12,72.40,0.55,0.67,-18.78,292.66,13025.00
5-Oct-2025,20:08,6.00,5.94,9.78,348.17,441.35,435.00,237.70,352.44,30.11,26.98,73.56,0.54,0.67,-20.06,297.36,13025.00
5-Oct-2025,20:09,6.00,5.94,9.78,344.77,437.04,435.00,237.70,352.92,30.11,26.98,72.84,0.54,0.67,-19.27,294.46,13025.00
5-Oct-2025,20:10,6.00,5.94,9.78,343.63,435.59,435.00,237.70,349.44,30.11,26.98,72.60,0.55,0.67,-19.00,293.48,13025.00
5-Oct-2025,20:11,6.00,5.94,9.78,345.29,437.71,435.00,237.70,348.64,30.11,26.98,72.95,0.54,0.67,-19.40,294.91,13025.00
5-Oct-2025,20:12,6.00,5.94,9.78,341.55,432.97,435.00,237.70,352.79,30.11,26.98,72.16,0.55,0.67,-18.51,291.71,13025.00
5-Oct-2025,20:13,6.00,5.94,9.78,347.71,440.77,435.00,237.70,351.95,30.11,26.98,73.46,0.54,0.67,-19.96,296.97,13025.00
5-Oct-2025,20:14,6.00,5.94,9.78,345.42,437.87,435.00,237.70,348.54,30.22,26.98,72.98,0.54,0.67,-19.43,295.01,13025.00
5-Oct-2025,20:15,6.00,5.94,9.78,345.91,438.49,435.00,237.70,352.69,30.22,26.98,73.08,0.54,0.67,-19.54,295.43,13025.00
5-Oct-2025,20:16,6.00,5.94,9.78,344.37,436.53,435.00,237.70,348.64,30.22,26.98,72.76,0.54,0.67,-19.18,294.11,13025.00
5-Oct-2025,20:17,6.00,5.94,9.78,346.35,439.04,435.00,237.70,353.43,30.22,27.09,73.17,0.54,0.67,-19.64,295.80,13025.00
5-Oct-2025,20:18,6.00,5.94,9.78,343.78,435.79,435.00,237.70,352.44,30.22,27.09,72.63,0.55,0.67,-19.04,293.61,13025.00
5-Oct-2025,20:19,6.00,5.94,9.78,346.04,438.65,435.00,237.70,352.60,30.22,27.09,73.11,0.54,0.67,-19.57,295.54,13025.00
5-Oct-2025,20:20,6.00,6.06,9.89,346.07,438.69,435.00,237.70,351.02,30.22,27.09,73.12,0.54,0.67,-19.58,295.57,13025.00
5-Oct-2025,20:21,6.00,6.06,9.89,343.56,435.51,435.00,237.70,354.37,30.22,27.09,72.59,0.55,0.67,-18.99,293.42,13025.00
5-Oct-2025,20:22,6.00,6.06,9.89,343.90,435.94,435.00,237.70,350.28,30.22,27.09,72.66,0.55,0.67,-19.07,293.71,13025.00
5-Oct-2025,20:23,6.00,6.06,9.89,345.48,437.94,435.00,237.70,351.73,30.22,26.94,72.99,0.54,0.67,-19.44,295.06,13025.00
5-Oct-2025,20:24,6.00,6.06,9.89,343.90,435.94,435.00,237.70,353.11,30.22,26.94,72.66,0.55,0.67,-19.07,293.71,13025.00
5-Oct-2025,20:25,6.00,6.06,9.89,341.28,432.61,435.00,237.70,353.85,30.22,26.94,72.10,0.55,0.67,-18.45,291.47,13025.00
5-Oct-2025,20:26,6.00,6.06,9.89,344.27,436.41,435.00,237.70,351.31,30.22,26.83,72.74,0.54,0.67,-19.16,294.03,13025.00
5-Oct-2025,20:27,6.00,6.06,9.89,343.32,435.20,435.00,237.70,351.47,30.22,26.83,72.53,0.55,0.67,-18.93,293.22,13025.00
5-Oct-2025,20:28,6.00,6.06,9.89,345.14,437.51,435.00,237.70,350.73,30.22,26.83,72.92,0.54,0.67,-19.36,294.77,13025.00
5-Oct-2025,20:29,6.00,6.06,9.89,341.96,433.48,435.00,237.70,350.60,30.22,26.83,72.25,0.55,0.67,-18.61,292.06,13025.00
5-Oct-2025,20:30,6.00,6.06,9.89,346.04,438.65,435.00,237.70,353.27,30.22,26.83,73.11,0.54,0.67,-19.57,295.54,13025.00
5-Oct-2025,20:31,6.00,6.06,9.78,345.48,425.25,420.00,237.70,354.43,30.22,26.83,70.88,0.56,0.67,-16.97,286.28,13025.00
5-Oct-2025,20:32,6.00,6.06,9.78,341.18,419.96,420.00,237.70,352.21,30.22,26.83,69.99,0.57,0.67,-15.92,282.72,13025.00
5-Oct-2025,20:33,6.00,6.06,9.78,344.74,424.34,420.00,237.70,351.76,30.22,26.83,70.72,0.56,0.67,-16.79,285.67,13025.00
5-Oct-2025,20:34,6.00,6.06,9.78,344.71,424.30,420.00,237.70,350.60,30.22,26.83,70.72,0.56,0.67,-16.78,285.64,13025.00
5-Oct-2025,20:35,6.00,6.06,9.78,342.60,421.71,420.00,237.70,351.82,30.22,26.83,70.29,0.56,0.67,-16.27,283.90,13025.00
5-Oct-2025,20:36,6.00,6.06,9.78,344.52,424.07,420.00,237.70,348.03,30.22,26.83,70.68,0.56,0.67,-16.74,285.48,13025.00
5-Oct-2025,20:37,6.00,6.06,9.78,347.40,427.61,435.00,237.70,350.18,30.22,26.83,71.27,0.56,0.67,-17.49,288.10,13025.00
5-Oct-2025,20:38,6.00,6.06,9.78,342.76,421.90,420.00,237.70,349.64,30.22,26.83,70.32,0.56,0.67,-16.31,284.02,13025.00
5-Oct-2025,20:39,6.00,6.06,9.78,343.47,422.78,420.00,237.70,352.53,30.22,26.83,70.46,0.56,0.67,-16.48,284.62,13025.00
5-Oct-2025,20:40,6.00,6.06,9.78,342.94,422.13,420.00,237.70,352.50,30.22,26.83,70.36,0.56,0.67,-16.35,284.18,13025.00
5-Oct-2025,20:41,6.00,6.06,9.78,343.07,422.28,420.00,237.70,351.47,30.22,26.83,70.38,0.56,0.67,-16.38,284.28,13025.00
5-Oct-2025,20:42,6.00,6.06,9.78,347.06,427.19,420.00,237.70,351.47,30.22,26.83,71.20,0.56,0.67,-17.34,287.58,13025.00
5-Oct-2025,20:43,6.00,6.06,9.78,348.70,429.21,435.00,237.70,350.79,30.33,26.83,71.54,0.55,0.67,-17.80,289.18,13025.00
5-Oct-2025,20:44,6.00,6.06,9.78,343.69,423.04,420.00,237.70,348.48,30.33,26.98,70.51,0.56,0.67,-16.53,284.79,13025.00
5-Oct-2025,20:45,6.00,6.06,9.78,345.67,425.48,420.00,237.70,351.50,30.33,26.98,70.91,0.56,0.67,-17.01,286.43,13025.00
5-Oct-2025,20:46,6.00,6.06,9.78,344.61,424.18,420.00,237.70,352.31,30.22,26.98,70.70,0.56,0.67,-16.76,285.56,13025.00
5-Oct-2025,20:47,6.00,6.06,9.78,346.25,426.20,420.00,237.70,349.54,30.22,26.98,71.03,0.56,0.67,-17.15,286.92,13025.00
5-Oct-2025,20:48,6.00,6.06,9.78,344.92,424.56,420.00,237.70,348.83,30.22,27.14,70.76,0.56,0.67,-16.83,285.81,13025.00
5-Oct-2025,20:49,6.00,6.06,9.78,345.08,424.75,420.00,237.70,353.79,30.22,27.14,70.79,0.56,0.67,-16.87,285.94,13025.00
5-Oct-2025,20:50,6.00,6.06,9.78,345.48,425.25,420.00,237.70,350.54,30.22,27.14,70.88,0.56,0.67,-16.97,286.28,13025.00
5-Oct-2025,20:51,6.00,6.06,9.78,346.44,426.43,420.00,237.70,353.18,30.22,27.14,71.07,0.56,0.67,-17.20,287.07,13026.00
5-Oct-2025,20:52,6.00,6.06,9.78,342.94,422.13,420.00,237.70,352.21,30.22,27.14,70.36,0.56,0.67,-16.35,284.18,13026.00
5-Oct-2025,20:53,6.00,6.06,9.78,342.26,421.29,420.00,237.70,351.31,30.22,27.14,70.22,0.56,0.67,-16.19,283.61,13026.00
5-Oct-2025,20:54,6.00,6.06,9.78,343.07,422.28,420.00,237.70,350.86,30.22,27.14,70.38,0.56,0.67,-16.38,284.28,13026.00
5-Oct-2025,20:55,6.00,6.06,9.78,344.89,424.53,420.00,237.70,350.50,30.22,27.14,70.76,0.56,0.67,-16.83,285.79,13026.00
5-Oct-2025,20:56,6.00,6.06,9.78,346.50,426.51,420.00,237.70,348.89,30.22,27.14,71.09,0.56,0.67,-17.21,287.13,13026.00
5-Oct-2025,20:57,6.00,6.06,9.78,344.61,424.18,420.00,237.70,352.34,30.22,27.14,70.70,0.56,0.67,-16.76,285.56,13026.00
5-Oct-2025,20:58,6.00,6.06,9.78,348.26,428.67,435.00,237.70,351.60,30.22,27.14,71.45,0.55,0.67,-17.70,288.82,13026.00
5-Oct-2025,20:59,6.00,6.06,9.78,345.94,425.82,420.00,237.70,351.02,30.22,26.97,70.97,0.56,0.67,-17.08,286.66,13026.00
5-Oct-2025,21:00,6.00,6.06,9.78,345.11,424.79,420.00,237.70,350.86,30.22,26.97,70.80,0.56,0.67,-16.88,285.97,13026.00
5-Oct-2025,21:01,6.00,6.06,9.78,343.75,423.12,420.00,237.70,351.31,30.22,26.97,70.52,0.56,0.67,-16.55,284.84,13026.00
5-Oct-2025,21:02,6.00,6.06,9.78,343.32,422.59,420.00,237.70,350.99,30.22,26.97,70.43,0.56,0.67,-16.44,284.49,13026.00
5-Oct-2025,21:03,6.00,6.06,9.78,344.71,424.30,420.00,237.70,352.50,30.22,26.97,70.72,0.56,0.67,-16.78,285.64,13026.00
5-Oct-2025,21:04,6.00,6.06,9.78,346.04,425.93,420.00,237.70,351.95,30.22,26.97,70.99,0.56,0.67,-17.10,286.74,13026.00
5-Oct-2025,21:05,6.00,6.06,9.78,342.98,422.17,420.00,237.70,352.69,30.22,27.13,70.36,0.56,0.67,-16.36,284.20,13026.00
5-Oct-2025,21:06,6.00,6.06,9.78,348.26,428.67,435.00,237.70,353.59,30.22,27.13,71.45,0.55,0.67,-17.70,288.82,13026.00
5-Oct-2025,21:07,6.00,6.06,9.78,343.35,422.62,420.00,237.70,352.08,30.22,27.13,70.44,0.56,0.67,-16.45,284.51,13026.00
5-Oct-2025,21:08,6.00,6.06,9.78,344.00,423.42,420.00,237.70,349.38,30.22,27.13,70.57,0.56,0.67,-16.61,285.05,13026.00
5-Oct-2025,21:09,6.00,6.06,9.78,338.49,416.65,420.00,237.70,351.82,30.22,27.13,69.44,0.57,0.67,-15.25,280.49,13026.00
5-Oct-2025,21:10,6.00,6.06,9.78,347.15,427.30,420.00,237.70,350.09,30.22,27.13,71.22,0.56,0.67,-17.37,287.66,13026.00
5-Oct-2025,21:11,6.00,6.06,9.78,346.19,426.12,420.00,237.70,351.73,30.22,27.13,71.02,0.56,0.67,-17.14,286.86,13026.00
5-Oct-2025,21:12,6.00,6.06,9.78,342.42,421.48,420.00,237.70,348.19,30.22,27.28,70.25,0.56,0.67,-16.22,283.74,13026.00
5-Oct-2025,21:13,6.00,6.06,9.78,343.87,423.27,420.00,237.70,351.41,30.22,27.28,70.55,0.56,0.67,-16.58,284.95,13026.00
5-Oct-2025,21:14,6.00,6.06,9.78,342.54,421.63,420.00,237.70,351.05,30.22,27.28,70.27,0.56,0.67,-16.25,283.84,13026.00
5-Oct-2025,21:15,6.00,6.06,9.78,341.92,420.87,420.00,237.70,352.44,30.22,27.28,70.15,0.56,0.67,-16.10,283.33,13026.00
5-Oct-2025,21:16,6.00,6.06,9.78,344.21,423.69,420.00,237.70,350.96,30.22,27.28,70.62,0.56,0.67,-16.66,285.23,13026.00
5-Oct-2025,21:17,6.00,6.06,9.78,343.63,422.97,420.00,237.70,350.60,30.22,27.28,70.50,0.56,0.67,-16.52,284.74,13026.00
5-Oct-2025,21:18,6.00,6.06,9.78,344.83,424.45,420.00,237.70,347.83,30.22,27.28,70.74,0.56,0.67,-16.81,285.74,13026.00
5-Oct-2025,21:19,6.00,6.06,9.78,344.12,423.57,420.00,237.70,352.27,30.22,27.28,70.60,0.56,0.67,-16.64,285.15,13026.00
5-Oct-2025,21:20,6.00,6.06,9.78,341.43,420.26,420.00,237.70,353.11,30.22,27.28,70.04,0.57,0.67,-15.98,282.92,13026.00
5-Oct-2025,21:21,6.00,6.06,9.78,345.88,425.74,420.00,237.70,351.66,30.22,27.28,70.96,0.56,0.67,-17.06,286.61,13026.00
5-Oct-2025,21:22,6.00,6.06,9.78,344.43,423.96,420.00,237.70,351.21,30.22,27.28,70.66,0.56,0.67,-16.71,285.41,13026.00
5-Oct-2025,21:23,6.00,6.06,9.78,346.04,425.93,420.00,237.70,351.37,30.22,27.28,70.99,0.56,0.67,-17.10,286.74,13026.00
5-Oct-2025,21:24,6.00,6.06,9.78,345.91,425.78,420.00,237.70,351.05,30.22,27.45,70.96,0.56,0.67,-17.07,286.64,13026.00
5-Oct-2025,21:25,6.00,6.06,9.78,344.58,424.15,420.00,237.70,349.86,30.22,27.45,70.69,0.56,0.67,-16.75,285.54,13026.00
5-Oct-2025,21:26,6.00,6.06,9.78,346.10,426.01,420.00,237.70,349.54,30.22,27.45,71.00,0.56,0.67,-17.12,286.79,13026.00
5-Oct-2025,21:27,6.00,6.06,9.78,341.49,420.34,420.00,237.70,349.99,30.22,27.45,70.06,0.57,0.67,-16.00,282.97,13026.00
5-Oct-2025,21:28,6.00,6.06,9.78,341.43,420.26,420.00,237.70,351.66,30.22,27.45,70.04,0.57,0.67,-15.98,282.92,13026.00
5-Oct-2025,21:29,6.00,6.06,9.78,340.29,418.86,420.00,237.70,351.60,30.22,27.45,69.81,0.57,0.67,-15.70,281.98,13026.00
5-Oct-2025,21:30,6.00,6.06,9.78,343.13,422.36,420.00,237.70,353.02,30.22,27.45,70.39,0.56,0.67,-16.40,284.33,13026.00
5-Oct-2025,21:31,6.00,6.06,9.78,344.34,423.84,420.00,237.70,352.82,30.22,27.45,70.64,0.56,0.67,-16.69,285.33,13026.00
5-Oct-2025,21:32,6.00,6.06,9.78,341.77,420.68,420.00,237.70,349.02,30.22,27.45,70.11,0.57,0.67,-16.07,283.20,13026.00
5-Oct-2025,21:33,6.00,6.06,9.78,343.50,422.81,420.00,237.70,351.18,30.22,27.45,70.47,0.56,0.67,-16.49,284.64,13026.00
5-Oct-2025,21:34,6.00,6.06,9.78,342.88,422.05,420.00,237.70,350.92,30.22,27.45,70.34,0.56,0.67,-16.34,284.12,13026.00
5-Oct-2025,21:35,6.00,6.06,9.78,341.62,420.49,420.00,237.70,351.86,30.22,27.45,70.08,0.57,0.67,-16.03,283.07,13026.00
5-Oct-2025,21:36,6.00,6.06,9.78,346.81,426.89,420.00,237.70,351.05,30.22,27.45,71.15,0.56,0.67,-17.29,287.38,13026.00
5-Oct-2025,21:37,6.00,6.06,9.78,347.03,427.15,420.00,237.70,353.56,30.22,27.45,71.19,0.56,0.67,-17.34,287.56,13026.00
5-Oct-2025,21:38,6.00,6.06,9.78,342.57,421.67,420.00,237.70,350.96,30.33,27.45,70.28,0.56,0.67,-16.26,283.87,13026.00
5-Oct-2025,21:39,6.00,6.06,9.78,344.77,424.37,420.00,237.70,351.05,30.33,27.45,70.73,0.56,0.67,-16.80,285.69,13026.00
5-Oct-2025,21:40,6.00,6.06,9.78,343.35,422.62,420.00,237.70,353.43,30.33,27.45,70.44,0.56,0.67,-16.45,284.51,13026.00
5-Oct-2025,21:41,6.00,6.06,9.78,348.70,429.21,435.00,237.70,350.79,30.33,27.45,71.54,0.55,0.67,-17.80,289.18,13026.00
5-Oct-2025,21:42,6.00,6.06,9.78,342.76,421.90,420.00,237.70,351.12,30.33,27.45,70.32,0.56,0.67,-16.31,284.02,13026.00
5-Oct-2025,21:43,6.00,6.06,9.78,341.52,420.38,420.00,237.70,349.89,30.33,27.45,70.06,0.57,0.67,-16.01,283.00,13026.00
5-Oct-2025,21:44,6.00,6.06,9.78,345.17,424.87,420.00,237.70,351.57,30.33,27.45,70.81,0.56,0.67,-16.89,286.02,13026.00
5-Oct-2025,21:45,6.00,6.06,9.78,344.55,424.11,420.00,237.70,349.47,30.33,27.45,70.69,0.56,0.67,-16.74,285.51,13026.00
5-Oct-2025,21:46,6.00,6.06,9.78,346.07,425.97,420.00,237.70,352.92,30.33,27.45,71.00,0.56,0.67,-17.11,286.76,13026.00
5-Oct-2025,21:47,6.00,6.06,9.78,347.71,427.99,435.00,237.70,350.70,30.33,27.45,71.33,0.56,0.67,-17.57,288.36,13026.00
5-Oct-2025,21:48,6.00,6.06,9.78,344.43,423.96,420.00,237.70,352.79,30.33,27.45,70.66,0.56,0.67,-16.71,285.41,13026.00
5-Oct-2025,21:49,6.00,6.06,9.78,341.65,420.53,420.00,237.70,351.82,30.33,27.45,70.09,0.57,0.67,-16.04,283.10,13026.00
5-Oct-2025,21:50,6.00,6.06,9.78,343.04,422.24,420.00,237.70,352.11,30.33,27.45,70.37,0.56,0.67,-16.38,284.25,13026.00
5-Oct-2025,21:51,6.00,6.06,9.78,347.21,427.38,420.00,237.70,351.37,30.33,27.45,71.23,0.56,0.67,-17.38,287.71,13027.00
5-Oct-2025,21:52,6.00,6.06,9.78,347.37,427.57,435.00,237.70,348.89,30.33,27.45,71.26,0.56,0.67,-17.49,288.08,13027.00
5-Oct-2025,21:53,6.00,6.06,9.78,339.64,418.06,420.00,237.70,352.18,30.33,27.45,69.68,0.57,0.67,-15.54,281.44,13027.00
5-Oct-2025,21:54,6.00,6.06,9.78,345.45,425.21,420.00,237.70,349.35,30.33,27.45,70.87,0.56,0.67,-16.96,286.25,13027.00
5-Oct-2025,21:55,6.00,6.06,9.78,346.90,427.00,420.00,237.70,352.82,30.33,27.45,71.17,0.56,0.67,-17.31,287.46,13027.00
5-Oct-2025,21:56,6.00,6.06,9.78,344.12,423.57,420.00,237.70,349.64,30.33,27.45,70.60,0.56,0.67,-16.64,285.15,13027.00
5-Oct-2025,21:57,6.00,6.06,9.78,343.44,422.74,420.00,237.70,350.67,30.33,27.45,70.46,0.56,0.67,-16.47,284.59,13027.00
5-Oct-2025,21:58,6.00,6.06,9.78,342.60,421.71,420.00,237.70,350.25,30.22,27.45,70.29,0.56,0.67,-16.27,283.90,13027.00
5-Oct-2025,21:59,6.00,6.06,9.78,345.70,425.52,420.00,237.70,353.21,30.22,27.45,70.92,0.56,0.67,-17.02,286.46,13027.00
5-Oct-2025,22:00,6.00,6.06,9.78,345.70,425.52,420.00,237.70,353.05,30.22,27.45,70.92,0.56,0.67,-17.02,286.46,13027.00
5-Oct-2025,22:01,6.00,6.06,9.78,346.81,426.89,420.00,237.70,351.21,30.22,27.45,71.15,0.56,0.67,-17.29,287.38,13027.00
5-Oct-2025,22:02,6.00,6.06,9.78,345.33,425.06,420.00,237.70,350.54,30.22,27.45,70.84,0.56,0.67,-16.93,286.15,13027.00
5-Oct-2025,22:03,6.00,6.06,9.78,340.69,419.35,420.00,237.70,351.08,30.22,27.45,69.89,0.57,0.67,-15.80,282.31,13027.00
5-Oct-2025,22:04,6.00,6.06,9.78,343.75,423.12,420.00,237.70,351.34,30.22,27.45,70.52,0.56,0.67,-16.55,284.84,13027.00
5-Oct-2025,22:05,6.00,6.06,9.78,343.93,423.35,420.00,237.70,351.08,30.22,27.45,70.56,0.56,0.67,-16.59,285.00,13027.00
5-Oct-2025,22:06,6.00,6.06,9.78,343.07,422.28,420.00,237.70,349.35,30.22,27.45,70.38,0.56,0.67,-16.38,284.28,13027.00
5-Oct-2025,22:07,6.00,6.06,9.78,345.88,425.74,420.00,237.70,350.57,30.22,27.45,70.96,0.56,0.67,-17.06,286.61,13027.00
5-Oct-2025,22:08,6.00,6.06,9.78,346.62,426.66,420.00,237.70,351.82,30.22,27.45,71.11,0.56,0.67,-17.24,287.23,13027.00
5-Oct-2025,22:09,6.00,6.06,9.78,344.68,424.26,420.00,237.70,350.47,30.22,27.45,70.71,0.56,0.67,-16.77,285.61,13027.00
5-Oct-2025,22:10,6.00,6.06,9.78,346.84,426.92,420.00,237.70,349.22,30.22,27.45,71.15,0.56,0.67,-17.29,287.40,13027.00
5-Oct-2025,22:11,6.00,6.06,9.67,339.76,405.72,405.00,237.70,350.02,30.22,27.45,67.62,0.59,0.68,-13.32,274.25,13027.00
5-Oct-2025,22:12,6.00,6.06,9.67,344.37,411.23,405.00,237.70,351.66,30.22,27.45,68.54,0.58,0.68,-14.49,277.97,13027.00
5-Oct-2025,22:13,6.00,6.06,9.67,346.41,413.66,420.00,237.70,351.12,30.22,27.35,68.94,0.57,0.67,-14.64,278.48,13027.00
5-Oct-2025,22:14,6.00,6.06,9.67,344.34,411.19,405.00,237.70,351.79,30.22,27.35,68.53,0.58,0.68,-14.48,277.94,13027.00
5-Oct-2025,22:15,6.00,6.06,9.67,341.21,407.46,405.00,237.70,353.21,30.22,27.35,67.91,0.58,0.68,-13.69,275.42,13027.00
5-Oct-2025,22:16,6.00,6.06,9.67,345.51,412.59,420.00,237.70,350.38,30.22,27.35,68.77,0.58,0.67,-14.42,277.76,13027.00
5-Oct-2025,22:17,6.00,6.06,9.67,342.26,408.72,405.00,237.70,351.24,30.11,27.21,68.12,0.58,0.68,-13.96,276.27,13027.00
5-Oct-2025,22:18,6.00,6.06,9.67,340.75,406.91,405.00,237.70,351.31,30.11,27.21,67.82,0.58,0.68,-13.58,275.05,13027.00
5-Oct-2025,22:19,6.00,5.94,9.67,341.12,419.88,420.00,237.70,349.86,30.11,27.21,69.98,0.57,0.67,-15.91,282.66,13027.00
5-Oct-2025,22:20,6.00,5.94,9.67,342.57,421.67,420.00,237.70,350.76,30.11,27.10,70.28,0.56,0.67,-16.26,283.87,13027.00
5-Oct-2025,22:21,6.00,5.94,9.67,342.30,421.33,420.00,237.70,353.05,30.11,27.10,70.22,0.56,0.67,-16.20,283.64,13027.00
5-Oct-2025,22:22,6.00,5.94,9.67,345.23,424.95,420.00,237.70,352.05,30.11,27.10,70.83,0.56,0.67,-16.91,286.08,13027.00
5-Oct-2025,22:23,6.00,5.94,9.67,344.37,423.88,420.00,237.70,347.22,30.11,27.10,70.65,0.56,0.67,-16.70,285.36,13027.00
5-Oct-2025,22:24,6.00,5.94,9.67,341.71,420.61,420.00,237.70,351.28,30.11,27.10,70.10,0.57,0.67,-16.05,283.15,13027.00
5-Oct-2025,22:25,6.00,5.94,9.67,342.64,421.75,420.00,237.70,349.86,30.11,27.10,70.29,0.56,0.67,-16.28,283.92,13027.00
5-Oct-2025,22:26,6.00,5.94,9.67,346.78,426.85,420.00,237.70,348.61,30.11,27.10,71.14,0.56,0.67,-17.28,287.36,13027.00
5-Oct-2025,22:27,6.00,5.94,9.67,340.10,418.63,420.00,237.70,351.73,30.11,27.10,69.77,0.57,0.67,-15.65,281.82,13027.00
5-Oct-2025,22:28,6.00,5.94,9.67,343.29,422.55,420.00,237.70,350.28,30.11,27.10,70.43,0.56,0.67,-16.44,284.46,13027.00
5-Oct-2025,22:29,6.00,5.94,9.67,345.05,424.72,420.00,237.70,351.53,30.11,27.10,70.79,0.56,0.67,-16.86,285.92,13027.00
5-Oct-2025,22:30,6.00,5.94,9.67,344.09,423.54,420.00,237.70,352.50,30.11,27.10,70.59,0.56,0.67,-16.63,285.13,13027.00
5-Oct-2025,22:31,6.00,5.94,9.67,343.01,422.21,420.00,237.70,347.99,30.11,27.10,70.37,0.56,0.67,-16.37,284.23,13027.00
5-Oct-2025,22:32,6.00,5.94,9.67,345.51,425.29,420.00,237.70,351.79,30.11,27.10,70.88,0.56,0.67,-16.98,286.31,13027.00
5-Oct-2025,22:33,6.00,5.94,9.67,349.78,430.54,435.00,237.70,352.73,30.11,27.10,71.76,0.55,0.67,-18.05,290.08,13027.00
5-Oct-2025,22:34,6.00,5.94,9.67,344.34,423.84,420.00,237.70,351.92,30.11,27.10,70.64,0.56,0.67,-16.69,285.33,13027.00
5-Oct-2025,22:35,6.00,5.94,9.67,343.41,422.70,420.00,237.70,351.79,30.11,27.00,70.45,0.56,0.67,-16.47,284.56,13027.00
5-Oct-2025,22:36,6.00,5.94,9.67,341.09,419.85,420.00,237.70,352.47,30.00,27.00,69.98,0.57,0.67,-15.90,282.64,13027.00
5-Oct-2025,22:37,6.00,5.94,9.67,340.19,418.74,420.00,237.70,350.83,30.00,26.90,69.79,0.57,0.67,-15.68,281.90,13027.00
5-Oct-2025,22:38,6.00,5.94,9.67,345.26,424.98,420.00,237.70,349.99,30.00,26.90,70.83,0.56,0.67,-16.91,286.10,13027.00
5-Oct-2025,22:39,6.00,5.94,9.67,343.72,423.08,420.00,237.70,351.73,30.00,26.90,70.51,0.56,0.67,-16.54,284.82,13027.00
5-Oct-2025,22:40,6.00,5.94,9.67,344.31,423.80,420.00,237.70,350.86,30.00,26.76,70.63,0.56,0.67,-16.68,285.30,13027.00
5-Oct-2025,22:41,6.00,5.94,9.67,345.79,425.63,420.00,237.70,352.89,30.00,26.76,70.94,0.56,0.67,-17.04,286.53,13027.00
5-Oct-2025,22:42,6.00,5.94,9.67,344.15,423.61,420.00,237.70,352.73,30.00,26.76,70.60,0.56,0.67,-16.65,285.17,13027.00
5-Oct-2025,22:43,6.00,5.94,9.78,343.47,435.40,435.00,237.70,350.38,30.00,26.76,72.57,0.55,0.67,-18.97,293.35,13027.00
5-Oct-2025,22:44,6.00,5.94,9.78,342.54,434.22,435.00,237.70,350.86,30.00,26.76,72.37,0.55,0.67,-18.75,292.56,13027.00
5-Oct-2025,22:45,6.00,5.94,9.78,344.21,436.34,435.00,237.70,349.35,30.00,26.76,72.72,0.54,0.67,-19.14,293.98,13027.00
5-Oct-2025,22:46,6.00,5.94,9.78,345.67,438.18,435.00,237.70,348.22,30.00,26.76,73.03,0.54,0.67,-19.48,295.22,13027.00
5-Oct-2025,22:47,6.00,5.94,9.78,345.26,437.67,435.00,237.70,351.99,30.00,26.76,72.95,0.54,0.67,-19.39,294.88,13027.00
5-Oct-2025,22:48,6.00,5.94,9.78,342.94,434.73,435.00,237.70,352.31,30.11,26.76,72.46,0.55,0.67,-18.84,292.90,13027.00
5-Oct-2025,22:49,6.00,5.94,9.78,341.58,433.00,435.00,237.70,352.53,30.11,26.76,72.17,0.55,0.67,-18.52,291.73,13027.00
5-Oct-2025,22:50,6.00,5.94,9.78,343.38,435.28,435.00,237.70,351.44,30.11,26.76,72.55,0.55,0.67,-18.95,293.27,13027.00
5-Oct-2025,22:51,6.00,5.94,9.78,347.21,440.14,435.00,237.70,351.82,30.11,26.76,73.36,0.54,0.67,-19.84,296.54,13028.00
5-Oct-2025,22:52,6.00,5.94,9.78,343.66,435.63,435.00,237.70,351.60,30.11,26.76,72.61,0.55,0.67,-19.01,293.51,13028.00
5-Oct-2025,22:53,6.00,5.94,9.78,344.89,437.20,435.00,237.70,351.95,30.11,26.76,72.87,0.54,0.67,-19.30,294.56,13028.00
5-Oct-2025,22:54,6.00,5.94,9.78,343.29,435.16,435.00,237.70,351.21,30.22,26.86,72.53,0.55,0.67,-18.92,293.19,13028.00
5-Oct-2025,22:55,6.00,5.94,9.78,345.17,437.55,435.00,237.70,351.28,30.22,26.86,72.93,0.54,0.67,-19.37,294.80,13028.00
5-Oct-2025,22:56,6.00,5.94,9.78,345.70,438.22,435.00,237.70,350.41,30.22,26.97,73.04,0.54,0.67,-19.49,295.25,13028.00
5-Oct-2025,22:57,6.00,5.94,9.78,346.10,438.73,435.00,237.70,352.31,30.22,26.97,73.12,0.54,0.67,-19.58,295.59,13028.00
5-Oct-2025,22:58,6.00,5.94,9.78,345.14,437.51,435.00,237.70,349.92,30.22,26.97,72.92,0.54,0.67,-19.36,294.77,13028.00
5-Oct-2025,22:59,6.00,5.94,9.78,345.57,438.06,435.00,237.70,351.44,30.22,26.97,73.01,0.54,0.67,-19.46,295.14,13028.00
5-Oct-2025,23:00,6.00,5.94,9.78,344.06,436.14,435.00,237.70,347.93,30.22,26.97,72.69,0.55,0.67,-19.11,293.85,13028.00
5-Oct-2025,23:01,6.00,5.94,9.78,342.08,433.63,435.00,237.70,348.19,30.22,26.97,72.27,0.55,0.67,-18.64,292.16,13028.00
5-Oct-2025,23:02,6.00,6.06,9.89,347.21,440.14,435.00,237.70,352.85,30.22,26.97,73.36,0.54,0.67,-19.84,296.54,13028.00
5-Oct-2025,23:03,6.00,6.06,9.89,344.46,436.65,435.00,237.70,350.54,30.22,26.97,72.78,0.54,0.67,-19.20,294.19,13028.00
5-Oct-2025,23:04,6.00,6.06,9.89,346.38,439.08,435.00,237.70,353.69,30.22,26.97,73.18,0.54,0.67,-19.65,295.83,13028.00
5-Oct-2025,23:05,6.00,5.94,9.89,343.25,447.73,450.00,237.70,349.83,30.22,26.97,74.62,0.53,0.67,-21.27,301.90,13028.00
5-Oct-2025,23:06,6.00,5.94,9.89,345.26,450.36,450.00,237.70,353.56,30.33,26.86,75.06,0.53,0.67,-21.73,303.68,13028.00
5-Oct-2025,23:07,6.00,5.94,9.89,345.63,450.84,450.00,237.70,352.85,30.33,26.86,75.14,0.53,0.67,-21.81,304.00,13028.00
5-Oct-2025,23:08,6.00,5.94,9.89,345.98,451.28,450.00,237.70,352.05,30.33,26.73,75.21,0.53,0.67,-21.88,304.30,13028.00
5-Oct-2025,23:09,6.00,5.94,9.89,345.26,450.36,450.00,237.70,352.40,30.33,26.73,75.06,0.53,0.67,-21.73,303.68,13028.00
5-Oct-2025,23:10,6.00,6.06,9.89,343.25,435.12,435.00,237.70,352.63,30.33,26.73,72.52,0.55,0.67,-18.92,293.16,13028.00
5-Oct-2025,23:11,6.00,6.06,9.89,345.98,438.57,435.00,237.70,350.02,30.33,26.73,73.10,0.54,0.67,-19.56,295.49,13028.00
5-Oct-2025,23:12,6.00,6.06,9.89,343.41,435.32,435.00,237.70,352.31,30.33,26.57,72.55,0.55,0.67,-18.95,293.30,13028.00
5-Oct-2025,23:13,6.00,6.06,9.89,346.93,439.79,435.00,237.70,352.11,30.33,26.57,73.30,0.54,0.67,-19.78,296.31,13028.00
5-Oct-2025,23:14,6.00,6.06,9.89,342.54,434.22,435.00,237.70,348.73,30.33,26.57,72.37,0.55,0.67,-18.75,292.56,13028.00
5-Oct-2025,23:15,6.00,6.06,9.89,347.30,440.26,435.00,237.70,350.89,30.33,26.57,73.38,0.54,0.67,-19.86,296.63,13028.00
5-Oct-2025,23:16,6.00,6.06,9.89,344.58,436.81,435.00,237.70,352.50,30.33,26.57,72.80,0.54,0.67,-19.23,294.30,13028.00
5-Oct-2025,23:17,6.00,6.06,9.89,342.94,434.73,435.00,237.70,348.96,30.22,26.57,72.46,0.55,0.67,-18.84,292.90,13028.00
5-Oct-2025,23:18,6.00,6.06,9.89,344.03,436.10,435.00,237.70,352.82,30.22,26.57,72.68,0.55,0.67,-19.10,293.82,13028.00
5-Oct-2025,23:19,6.00,6.06,9.89,343.81,435.83,435.00,237.70,351.15,30.22,26.42,72.64,0.55,0.67,-19.05,293.64,13028.00
5-Oct-2025,23:20,6.00,6.06,9.89,345.85,438.41,435.00,237.70,350.09,30.22,26.42,73.07,0.54,0.67,-19.53,295.38,13028.00
5-Oct-2025,23:21,6.00,6.06,9.89,348.20,441.39,435.00,237.70,353.98,30.22,26.42,73.57,0.54,0.67,-20.07,297.39,13028.00
5-Oct-2025,23:22,6.00,6.06,9.89,343.35,435.24,435.00,237.70,351.31,30.22,26.42,72.54,0.55,0.67,-18.94,293.24,13028.00
5-Oct-2025,23:23,6.00,6.06,9.89,346.32,439.00,435.00,237.70,353.92,30.22,26.42,73.17,0.54,0.67,-19.63,295.78,13028.00
5-Oct-2025,23:24,6.00,6.06,9.89,348.48,441.75,435.00,237.70,350.76,30.22,26.42,73.63,0.54,0.67,-20.13,297.63,13028.00
5-Oct-2025,23:25,6.00,6.06,9.89,344.95,437.28,435.00,237.70,352.47,30.22,26.29,72.88,0.54,0.67,-19.32,294.62,13028.00
5-Oct-2025,23:26,6.00,6.06,9.89,347.30,440.26,435.00,237.70,351.57,30.22,26.29,73.38,0.54,0.67,-19.86,296.63,13028.00
5-Oct-2025,23:27,6.00,6.06,9.89,345.14,437.51,435.00,237.70,351.89,30.22,26.29,72.92,0.54,0.67,-19.36,294.77,13028.00
5-Oct-2025,23:28,6.00,6.06,9.89,343.90,435.94,435.00,237.70,352.53,30.22,26.29,72.66,0.55,0.67,-19.07,293.71,13028.00
5-Oct-2025,23:29,6.00,6.06,9.89,352.10,446.33,450.00,237.70,352.53,30.22,26.29,74.39,0.53,0.67,-21.02,300.96,13028.00
5-Oct-2025,23:30,6.00,6.06,9.89,343.66,435.63,435.00,237.70,353.24,30.22,26.29,72.61,0.55,0.67,-19.01,293.51,13028.00
5-Oct-2025,23:31,6.00,6.06,9.89,342.20,433.79,435.00,237.70,351.60,30.22,26.29,72.30,0.55,0.67,-18.67,292.27,13028.00
5-Oct-2025,23:32,6.00,6.06,9.89,344.43,436.61,435.00,237.70,351.28,30.22,26.41,72.77,0.54,0.67,-19.19,294.17,13028.00
5-Oct-2025,23:33,6.00,6.06,9.89,344.99,437.32,435.00,237.70,350.21,30.22,26.41,72.89,0.54,0.67,-19.33,294.64,13028.00
5-Oct-2025,23:34,6.00,6.06,9.89,343.13,434.96,435.00,237.70,349.31,30.22,26.41,72.49,0.55,0.67,-18.89,293.05,13028.00
5-Oct-2025,23:35,6.00,6.06,9.89,342.76,434.49,435.00,237.70,353.21,30.22,26.41,72.42,0.55,0.67,-18.80,292.74,13028.00
5-Oct-2025,23:36,6.00,6.06,9.89,342.88,434.65,435.00,237.70,352.31,30.22,26.41,72.44,0.55,0.67,-18.83,292.85,13028.00
5-Oct-2025,23:37,6.00,6.06,9.89,347.21,440.14,435.00,237.70,351.73,30.22,26.41,73.36,0.54,0.67,-19.84,296.54,13028.00
5-Oct-2025,23:38,6.00,6.06,9.89,347.71,440.77,435.00,237.70,352.37,30.22,26.41,73.46,0.54,0.67,-19.96,296.97,13028.00
5-Oct-2025,23:39,6.00,6.06,9.89,343.47,435.40,435.00,237.70,353.50,30.22,26.41,72.57,0.55,0.67,-18.97,293.35,13028.00
5-Oct-2025,23:40,6.00,6.06,9.89,345.91,438.49,435.00,237.70,351.31,30.22,26.52,73.08,0.54,0.67,-19.54,295.43,13028.00
5-Oct-2025,23:41,6.00,6.06,9.89,343.87,435.91,435.00,237.70,351.76,30.22,26.52,72.65,0.55,0.67,-19.06,293.69,13028.00
5-Oct-2025,23:42,6.00,6.06,9.89,345.82,438.37,435.00,237.70,352.18,30.22,26.52,73.06,0.54,0.67,-19.52,295.35,13028.00
5-Oct-2025,23:43,6.00,6.06,9.89,347.06,439.94,435.00,237.70,351.18,30.22,26.52,73.32,0.54,0.67,-19.81,296.41,13028.00
5-Oct-2025,23:44,6.00,6.06,9.89,344.52,436.73,435.00,237.70,353.59,30.22,26.52,72.79,0.54,0.67,-19.22,294.25,13028.00
5-Oct-2025,23:45,6.00,6.06,9.89,344.77,437.04,435.00,237.70,349.89,30.22,26.52,72.84,0.54,0.67,-19.27,294.46,13028.00
5-Oct-2025,23:46,6.00,6.06,9.89,345.73,438.26,435.00,237.70,354.72,30.22,26.62,73.04,0.54,0.67,-19.50,295.28,13028.00
5-Oct-2025,23:47,6.00,6.06,9.89,341.99,433.51,435.00,237.70,351.28,30.22,26.62,72.25,0.55,0.67,-18.62,292.08,13028.00
5-Oct-2025,23:48,6.00,6.06,9.89,346.10,438.73,435.00,237.70,351.31,30.22,26.62,73.12,0.54,0.67,-19.58,295.59,13028.00
5-Oct-2025,23:49,6.00,6.06,9.89,345.51,437.98,435.00,237.70,352.98,30.11,26.62,73.00,0.54,0.67,-19.45,295.09,13028.00
5-Oct-2025,23:50,6.00,6.06,9.89,347.71,440.77,435.00,237.70,352.11,30.11,26.62,73.46,0.54,0.67,-19.96,296.97,13028.00
5-Oct-2025,23:51,6.00,6.06,9.89,343.72,435.71,435.00,237.70,352.50,30.11,26.62,72.62,0.55,0.67,-19.03,293.56,13029.00
5-Oct-2025,23:52,6.00,6.06,9.89,345.02,437.36,435.00,237.70,353.88,30.11,26.62,72.89,0.54,0.67,-19.33,294.67,13029.00
5-Oct-2025,23:53,6.00,6.06,9.89,348.29,441.51,435.00,237.70,352.24,30.11,26.62,73.59,0.54,0.67,-20.09,297.47,13029.00
5-Oct-2025,23:54,6.00,6.06,9.89,345.67,438.18,435.00,237.70,354.53,30.11,26.62,73.03,0.54,0.67,-19.48,295.22,13029.00
5-Oct-2025,23:55,6.00,6.06,9.89,349.50,443.04,450.00,237.70,352.18,30.11,26.62,73.84,0.54,0.67,-20.43,298.74,13029.00
5-Oct-2025,23:56,6.00,6.06,9.89,345.17,437.55,435.00,237.70,351.60,30.11,26.62,72.93,0.54,0.67,-19.37,294.80,13029.00
5-Oct-2025,23:57,6.00,6.06,9.89,346.87,439.71,435.00,237.70,349.35,30.00,26.62,73.29,0.54,0.67,-19.76,296.25,13029.00
5-Oct-2025,23:58,6.00,6.06,9.78,346.41,426.39,420.00,237.70,350.44,30.00,26.62,71.07,0.56,0.67,-17.19,287.05,13029.00
5-Oct-2025,23:59,6.00,6.06,9.78,345.51,425.29,420.00,237.70,353.95,30.00,26.62,70.88,0.56,0.67,-16.98,286.31,13029.00
Total,,,,,,625978.7,,342293.3,,,,,,,,417257.0,
Average,,,,,,10433.0,,5704.9,,,,,,,,6954.3,
